index,time,kernel,dimension,blocksize,operation,cudagraph,
0,0.000177275,4,15360,7680,instantiation,1
1,1.5249e-05,4,15360,7680,instantiation,1
2,1.4097e-05,4,15360,7680,instantiation,1
3,1.3526e-05,4,15360,7680,instantiation,1
4,1.5449e-05,4,15360,7680,instantiation,1
5,1.3946e-05,4,15360,7680,instantiation,1
6,1.3966e-05,4,15360,7680,instantiation,1
7,1.3145e-05,4,15360,7680,instantiation,1
8,0.000179629,4,15360,7680,instantiation,1
9,1.4718e-05,4,15360,7680,instantiation,1
