index,time,kernel,dimension,blocksize,operation
0,0.145848,15625,32000,256,capture
1,0.147301,15625,32000,256,capture
2,0.14729,15625,32000,256,capture
3,0.147314,15625,32000,256,capture
4,0.1474,15625,32000,256,capture
5,0.146902,15625,32000,256,capture
6,0.146989,15625,32000,256,capture
7,0.147648,15625,32000,256,capture
8,0.147561,15625,32000,256,capture
9,0.147765,15625,32000,256,capture
