index,time,kernel,dimension,blocksize,operation
0,0.331253,40000,25600,128,capture
1,0.335206,40000,25600,128,capture
2,0.336377,40000,25600,128,capture
3,0.336903,40000,25600,128,capture
4,0.334125,40000,25600,128,capture
