index,time,kernel,dimension,blocksize,operation,cudagraph,
0,0.00454332,576,30720,1280,capture,1
1,0.00474288,576,30720,1280,capture,1
2,0.00491951,576,30720,1280,capture,1
3,0.00479105,576,30720,1280,capture,1
4,0.00472989,576,30720,1280,capture,1
5,0.00484658,576,30720,1280,capture,1
6,0.00476479,576,30720,1280,capture,1
7,0.00475618,576,30720,1280,capture,1
8,0.00474665,576,30720,1280,capture,1
9,0.00479969,576,30720,1280,capture,1
