index,time,kernel,dimension,blocksize,operation,cudagraph,
0,0.00205769,256,10240,640,capture,1
1,0.0021585,256,10240,640,capture,1
2,0.00228078,256,10240,640,capture,1
3,0.00228624,256,10240,640,capture,1
4,0.00226842,256,10240,640,capture,1
5,0.00225317,256,10240,640,capture,1
6,0.00222716,256,10240,640,capture,1
7,0.00224089,256,10240,640,capture,1
8,0.00227008,256,10240,640,capture,1
9,0.00227457,256,10240,640,capture,1
