index,time,kernel,dimension,blocksize,operation,cudagraph,
0,0.000886823,256,10240,640,instantiation,1
1,0.00133508,256,10240,640,instantiation,1
2,0.00135729,256,10240,640,instantiation,1
3,0.0024103,256,10240,640,instantiation,1
4,0.00133878,256,10240,640,instantiation,1
5,0.00131245,256,10240,640,instantiation,1
6,0.00132255,256,10240,640,instantiation,1
7,0.00247114,256,10240,640,instantiation,1
8,0.00133358,256,10240,640,instantiation,1
9,0.00131578,256,10240,640,instantiation,1
