index,time,kernel,dimension,blocksize,operation,cudagraph,
0,0.000192342,4,12800,6400,instantiation,1
1,1.4698e-05,4,12800,6400,instantiation,1
2,1.4257e-05,4,12800,6400,instantiation,1
3,1.3325e-05,4,12800,6400,instantiation,1
4,1.8445e-05,4,12800,6400,instantiation,1
5,1.5259e-05,4,12800,6400,instantiation,1
6,1.4458e-05,4,12800,6400,instantiation,1
7,1.3396e-05,4,12800,6400,instantiation,1
8,0.000224594,4,12800,6400,instantiation,1
9,1.2935e-05,4,12800,6400,instantiation,1
