index,time,kernel,dimension,blocksize,operation,cudagraph,
0,0.00127304,144,7680,640,capture,1
1,0.00119777,144,7680,640,capture,1
2,0.00122589,144,7680,640,capture,1
3,0.00137903,144,7680,640,capture,1
4,0.00134064,144,7680,640,capture,1
5,0.00135278,144,7680,640,capture,1
6,0.00131957,144,7680,640,capture,1
7,0.00137538,144,7680,640,capture,1
8,0.00132151,144,7680,640,capture,1
9,0.00131799,144,7680,640,capture,1
