index,time,kernel,dimension,blocksize,operation,cudagraph,
0,0.00059363,144,7680,640,instantiation,1
1,0.000520331,144,7680,640,instantiation,1
2,0.000791444,144,7680,640,instantiation,1
3,0.000810549,144,7680,640,instantiation,1
4,0.000787155,144,7680,640,instantiation,1
5,0.000794408,144,7680,640,instantiation,1
6,0.00185623,144,7680,640,instantiation,1
7,0.000801773,144,7680,640,instantiation,1
8,0.000817873,144,7680,640,instantiation,1
9,0.000790601,144,7680,640,instantiation,1
