index,time,kernel,dimension,blocksize,operation,cudagraph,
0,0.000189837,25,25600,5120,capture,1
1,0.000120056,25,25600,5120,capture,1
2,0.000119825,25,25600,5120,capture,1
3,0.000119024,25,25600,5120,capture,1
4,0.000118974,25,25600,5120,capture,1
5,0.000119124,25,25600,5120,capture,1
6,0.000119334,25,25600,5120,capture,1
7,0.000120086,25,25600,5120,capture,1
8,0.000118974,25,25600,5120,capture,1
9,0.000119986,25,25600,5120,capture,1
