index,time,kernel,dimension,blocksize,operation,cudagraph,
0,0.223343,25600,10240,64,capture,1
1,0.221383,25600,10240,64,capture,1
2,0.227381,25600,10240,64,capture,1
3,0.223706,25600,10240,64,capture,1
4,0.220419,25600,10240,64,capture,1
5,0.224562,25600,10240,64,capture,1
6,0.225036,25600,10240,64,capture,1
7,0.222422,25600,10240,64,capture,1
8,0.224741,25600,10240,64,capture,1
9,0.220087,25600,10240,64,capture,1
