index,time,kernel,dimension,blocksize,operation,cudagraph,
0,0.000241626,64,20480,2560,instantiation,1
1,0.000260501,64,20480,2560,instantiation,1
2,0.000301869,64,20480,2560,instantiation,1
3,0.000282242,64,20480,2560,instantiation,1
4,0.000261042,64,20480,2560,instantiation,1
5,0.000262134,64,20480,2560,instantiation,1
6,0.00024404,64,20480,2560,instantiation,1
7,0.000269779,64,20480,2560,instantiation,1
8,0.000369407,64,20480,2560,instantiation,1
9,0.000350761,64,20480,2560,instantiation,1
