index,time,kernel,dimension,blocksize,operation,cudagraph,
0,0.0667629,7225,21760,256,capture,1
1,0.0676276,7225,21760,256,capture,1
2,0.0675359,7225,21760,256,capture,1
3,0.0677724,7225,21760,256,capture,1
4,0.0677609,7225,21760,256,capture,1
5,0.0674877,7225,21760,256,capture,1
6,0.0674382,7225,21760,256,capture,1
7,0.0675269,7225,21760,256,capture,1
8,0.0675697,7225,21760,256,capture,1
9,0.06797,7225,21760,256,capture,1
