index,time,kernel,dimension,blocksize,operation,cudagraph,
0,0.0178569,2500,6400,128,capture,1
1,0.019891,2500,6400,128,capture,1
2,0.0205367,2500,6400,128,capture,1
3,0.0200277,2500,6400,128,capture,1
4,0.0199946,2500,6400,128,capture,1
5,0.0200264,2500,6400,128,capture,1
6,0.0197949,2500,6400,128,capture,1
7,0.0199439,2500,6400,128,capture,1
8,0.019891,2500,6400,128,capture,1
9,0.0199719,2500,6400,128,capture,1
