index,time,kernel,dimension,blocksize,operation,cudagraph,
0,0.0522222,5776,24320,320,capture,1
1,0.0532049,5776,24320,320,capture,1
2,0.0531738,5776,24320,320,capture,1
3,0.0532392,5776,24320,320,capture,1
4,0.053346,5776,24320,320,capture,1
5,0.0531771,5776,24320,320,capture,1
6,0.0529587,5776,24320,320,capture,1
7,0.0531906,5776,24320,320,capture,1
8,0.0531803,5776,24320,320,capture,1
9,0.0532677,5776,24320,320,capture,1
