index,time,kernel,dimension,blocksize,operation,cudagraph,
0,0.0411107,5776,24320,320,instantiation,1
1,0.0413118,5776,24320,320,instantiation,1
2,0.0417823,5776,24320,320,instantiation,1
3,0.0407896,5776,24320,320,instantiation,1
4,0.04192,5776,24320,320,instantiation,1
5,0.0410237,5776,24320,320,instantiation,1
6,0.0420824,5776,24320,320,instantiation,1
7,0.0421483,5776,24320,320,instantiation,1
8,0.0414451,5776,24320,320,instantiation,1
9,0.0422039,5776,24320,320,instantiation,1
