index,time,kernel,dimension,blocksize,operation
0,0.00535975,676,16640,640,capture
1,0.00552999,676,16640,640,capture
2,0.00562379,676,16640,640,capture
3,0.00561045,676,16640,640,capture
4,0.00560358,676,16640,640,capture
5,0.00558703,676,16640,640,capture
6,0.0056101,676,16640,640,capture
7,0.00562706,676,16640,640,capture
8,0.00563631,676,16640,640,capture
9,0.005656,676,16640,640,capture
