index,time,kernel,dimension,blocksize,operation,cudagraph,
0,0.000171984,16,20480,5120,instantiation,1
1,3.4546e-05,16,20480,5120,instantiation,1
2,0.000165722,16,20480,5120,instantiation,1
3,3.165e-05,16,20480,5120,instantiation,1
4,0.000166574,16,20480,5120,instantiation,1
5,3.206e-05,16,20480,5120,instantiation,1
6,0.000146807,16,20480,5120,instantiation,1
7,3.707e-05,16,20480,5120,instantiation,1
8,0.00021214,16,20480,5120,instantiation,1
9,3.5066e-05,16,20480,5120,instantiation,1
