index,time,kernel,dimension,blocksize,operation,cudagraph,
0,0.0117054,1600,25600,640,capture,1
1,0.0130711,1600,25600,640,capture,1
2,0.0130444,1600,25600,640,capture,1
3,0.0129585,1600,25600,640,capture,1
4,0.0130124,1600,25600,640,capture,1
5,0.0129752,1600,25600,640,capture,1
6,0.0130218,1600,25600,640,capture,1
7,0.0129742,1600,25600,640,capture,1
8,0.0129425,1600,25600,640,capture,1
9,0.0129663,1600,25600,640,capture,1
