index,time,kernel,dimension,blocksize,operation
0,0.221163,25600,10240,64,capture
1,0.220464,25600,10240,64,capture
2,0.218919,25600,10240,64,capture
3,0.223066,25600,10240,64,capture
4,0.223529,25600,10240,64,capture
5,0.220357,25600,10240,64,capture
6,0.220794,25600,10240,64,capture
7,0.218365,25600,10240,64,capture
8,0.223941,25600,10240,64,capture
9,0.223887,25600,10240,64,capture
