index,time,kernel,dimension,blocksize,operation
0,0.0512303,5776,24320,320,capture
1,0.0533178,5776,24320,320,capture
2,0.0534297,5776,24320,320,capture
3,0.0534071,5776,24320,320,capture
4,0.0532216,5776,24320,320,capture
5,0.0532632,5776,24320,320,capture
6,0.053243,5776,24320,320,capture
7,0.0532453,5776,24320,320,capture
8,0.0532257,5776,24320,320,capture
9,0.0532364,5776,24320,320,capture
