index,time,kernel,dimension,blocksize,operation,cudagraph,
0,0.215667,25600,20480,128,capture,1
1,0.215269,25600,20480,128,capture,1
2,0.214388,25600,20480,128,capture,1
3,0.218027,25600,20480,128,capture,1
4,0.218176,25600,20480,128,capture,1
5,0.218585,25600,20480,128,capture,1
6,0.214675,25600,20480,128,capture,1
7,0.213453,25600,20480,128,capture,1
8,0.218217,25600,20480,128,capture,1
9,0.217938,25600,20480,128,capture,1
