index,time,kernel,dimension,blocksize,operation,cudagraph,
0,0.282404,25600,20480,128,instantiation,1
1,0.280531,25600,20480,128,instantiation,1
2,0.287641,25600,20480,128,instantiation,1
3,0.292331,25600,20480,128,instantiation,1
4,0.301517,25600,20480,128,instantiation,1
5,0.320991,25600,20480,128,instantiation,1
6,0.329684,25600,20480,128,instantiation,1
7,0.353397,25600,20480,128,instantiation,1
8,0.381959,25600,20480,128,instantiation,1
