index,time,kernel,dimension,blocksize,operation,cudagraph,
0,0.00674453,1296,11520,320,instantiation,1
1,0.00788867,1296,11520,320,instantiation,1
2,0.00786221,1296,11520,320,instantiation,1
3,0.00888928,1296,11520,320,instantiation,1
4,0.00814052,1296,11520,320,instantiation,1
5,0.00797447,1296,11520,320,instantiation,1
6,0.00892017,1296,11520,320,instantiation,1
7,0.00806863,1296,11520,320,instantiation,1
8,0.0080946,1296,11520,320,instantiation,1
9,0.00818049,1296,11520,320,instantiation,1
