index,time,kernel,dimension,blocksize,operation,cudagraph,
0,0.00532164,576,7680,320,capture,1
1,0.00571062,576,7680,320,capture,1
2,0.00578522,576,7680,320,capture,1
3,0.00570019,576,7680,320,capture,1
4,0.00579443,576,7680,320,capture,1
5,0.00577541,576,7680,320,capture,1
6,0.00570419,576,7680,320,capture,1
7,0.00579981,576,7680,320,capture,1
8,0.00571828,576,7680,320,capture,1
9,0.00578379,576,7680,320,capture,1
