index,time,kernel,dimension,blocksize,operation,cudagraph,
0,0.00273334,576,7680,320,instantiation,1
1,0.00404719,576,7680,320,instantiation,1
2,0.0028079,576,7680,320,instantiation,1
3,0.00405016,576,7680,320,instantiation,1
4,0.00281055,576,7680,320,instantiation,1
5,0.00392703,576,7680,320,instantiation,1
6,0.00395806,576,7680,320,instantiation,1
7,0.00278798,576,7680,320,instantiation,1
8,0.00411221,576,7680,320,instantiation,1
9,0.00277547,576,7680,320,instantiation,1
