index,time,kernel,dimension,blocksize,operation,cudagraph,
0,0.0282785,3600,3840,64,capture,1
1,0.0284888,3600,3840,64,capture,1
2,0.0286413,3600,3840,64,capture,1
3,0.028869,3600,3840,64,capture,1
4,0.0285386,3600,3840,64,capture,1
5,0.0287097,3600,3840,64,capture,1
6,0.0286054,3600,3840,64,capture,1
7,0.0287466,3600,3840,64,capture,1
8,0.028777,3600,3840,64,capture,1
9,0.0289092,3600,3840,64,capture,1
