index,time,kernel,dimension,blocksize,operation,cudagraph,
0,0.00605745,784,17920,640,capture,1
1,0.00642581,784,17920,640,capture,1
2,0.00649271,784,17920,640,capture,1
3,0.00646649,784,17920,640,capture,1
4,0.00649339,784,17920,640,capture,1
5,0.0064997,784,17920,640,capture,1
6,0.00643597,784,17920,640,capture,1
7,0.00649309,784,17920,640,capture,1
8,0.00650053,784,17920,640,capture,1
9,0.00649677,784,17920,640,capture,1
