index,time,kernel,dimension,blocksize,operation,cudagraph,
0,0.00113806,121,14080,1280,capture,1
1,0.00107251,121,14080,1280,capture,1
2,0.00106348,121,14080,1280,capture,1
3,0.00119128,121,14080,1280,capture,1
4,0.00118795,121,14080,1280,capture,1
5,0.00122821,121,14080,1280,capture,1
6,0.00116196,121,14080,1280,capture,1
7,0.00121375,121,14080,1280,capture,1
8,0.00121179,121,14080,1280,capture,1
9,0.0012113,121,14080,1280,capture,1
