index,time,kernel,dimension,blocksize,operation
0,0.000722904,196,17920,1280,instantiation
1,0.000679521,196,17920,1280,instantiation
2,0.000686985,196,17920,1280,instantiation
3,0.000781173,196,17920,1280,instantiation
4,0.00214222,196,17920,1280,instantiation
5,0.00103576,196,17920,1280,instantiation
6,0.00103955,196,17920,1280,instantiation
7,0.00103171,196,17920,1280,instantiation
8,0.00104098,196,17920,1280,instantiation
9,0.00223523,196,17920,1280,instantiation
