index,time,kernel,dimension,blocksize,operation
0,0.00252528,400,2560,128,instantiation
1,0.00359384,400,2560,128,instantiation
2,0.00346531,400,2560,128,instantiation
3,0.00347086,400,2560,128,instantiation
4,0.00345286,400,2560,128,instantiation
5,0.0075376,400,2560,128,instantiation
6,0.00251131,400,2560,128,instantiation
7,0.00363061,400,2560,128,instantiation
8,0.00715064,400,2560,128,instantiation
9,0.00351858,400,2560,128,instantiation
