index,time,kernel,dimension,blocksize,operation,cudagraph,
0,0.0335637,3600,19200,320,capture,1
1,0.0336672,3600,19200,320,capture,1
2,0.0337784,3600,19200,320,capture,1
3,0.0336986,3600,19200,320,capture,1
4,0.0336713,3600,19200,320,capture,1
5,0.0338108,3600,19200,320,capture,1
6,0.0334133,3600,19200,320,capture,1
7,0.0336669,3600,19200,320,capture,1
8,0.0337654,3600,19200,320,capture,1
9,0.0337777,3600,19200,320,capture,1
