index,time,kernel,dimension,blocksize,operation,cudagraph,
0,0.0232932,3600,19200,320,instantiation,1
1,0.0247419,3600,19200,320,instantiation,1
2,0.0235732,3600,19200,320,instantiation,1
3,0.0245874,3600,19200,320,instantiation,1
4,0.0239673,3600,19200,320,instantiation,1
5,0.0247724,3600,19200,320,instantiation,1
6,0.023908,3600,19200,320,instantiation,1
7,0.0248157,3600,19200,320,instantiation,1
8,0.0242671,3600,19200,320,instantiation,1
9,0.0251015,3600,19200,320,instantiation,1
