index,time,kernel,dimension,blocksize,operation,cudagraph,
0,0.00279022,361,24320,1280,capture,1
1,0.00303387,361,24320,1280,capture,1
2,0.00304872,361,24320,1280,capture,1
3,0.00306812,361,24320,1280,capture,1
4,0.00302829,361,24320,1280,capture,1
5,0.00308219,361,24320,1280,capture,1
6,0.00307316,361,24320,1280,capture,1
7,0.00305686,361,24320,1280,capture,1
8,0.00302747,361,24320,1280,capture,1
9,0.00304997,361,24320,1280,capture,1
