index,time,kernel,dimension,blocksize,operation,cudagraph,
0,0.0012653,361,24320,1280,instantiation,1
1,0.00181892,361,24320,1280,instantiation,1
2,0.00301587,361,24320,1280,instantiation,1
3,0.0018391,361,24320,1280,instantiation,1
4,0.00181915,361,24320,1280,instantiation,1
5,0.00301731,361,24320,1280,instantiation,1
6,0.0018285,361,24320,1280,instantiation,1
7,0.00181779,361,24320,1280,instantiation,1
8,0.00182615,361,24320,1280,instantiation,1
9,0.00181066,361,24320,1280,instantiation,1
