index,time,kernel,dimension,blocksize,operation
0,0.16725,19600,8960,64,capture
1,0.168063,19600,8960,64,capture
2,0.16538,19600,8960,64,capture
3,0.168811,19600,8960,64,capture
4,0.167864,19600,8960,64,capture
5,0.165532,19600,8960,64,capture
6,0.165503,19600,8960,64,capture
7,0.166847,19600,8960,64,capture
8,0.16718,19600,8960,64,capture
9,0.169807,19600,8960,64,capture
