index,time,kernel,dimension,blocksize,operation,cudagraph,
0,0.17429,18225,34560,256,capture,1
1,0.176169,18225,34560,256,capture,1
2,0.176252,18225,34560,256,capture,1
3,0.176275,18225,34560,256,capture,1
4,0.176641,18225,34560,256,capture,1
5,0.1758,18225,34560,256,capture,1
6,0.176529,18225,34560,256,capture,1
7,0.177561,18225,34560,256,capture,1
8,0.176301,18225,34560,256,capture,1
9,0.176505,18225,34560,256,capture,1
