index,time,kernel,dimension,blocksize,operation,cudagraph,
0,0.145476,18225,34560,256,instantiation,1
1,0.146282,18225,34560,256,instantiation,1
2,0.148253,18225,34560,256,instantiation,1
3,0.148075,18225,34560,256,instantiation,1
4,0.147918,18225,34560,256,instantiation,1
5,0.145159,18225,34560,256,instantiation,1
6,0.150756,18225,34560,256,instantiation,1
7,0.149597,18225,34560,256,instantiation,1
8,0.149962,18225,34560,256,instantiation,1
9,0.150751,18225,34560,256,instantiation,1
