index,time,kernel,dimension,blocksize,operation,cudagraph,
0,0.00015908,4,30720,15360,instantiation,1
1,1.9356e-05,4,30720,15360,instantiation,1
2,1.5299e-05,4,30720,15360,instantiation,1
3,1.5339e-05,4,30720,15360,instantiation,1
4,1.9126e-05,4,30720,15360,instantiation,1
5,1.5379e-05,4,30720,15360,instantiation,1
6,1.606e-05,4,30720,15360,instantiation,1
7,1.6241e-05,4,30720,15360,instantiation,1
8,0.000166044,4,30720,15360,instantiation,1
9,1.6111e-05,4,30720,15360,instantiation,1
