index,time,kernel,dimension,blocksize,operation
0,0.000818153,64,2560,320,capture
1,0.000725739,64,2560,320,capture
2,0.000763901,64,2560,320,capture
3,0.000788327,64,2560,320,capture
4,0.000787816,64,2560,320,capture
5,0.000769682,64,2560,320,capture
6,0.000788447,64,2560,320,capture
7,0.000797144,64,2560,320,capture
8,0.000797925,64,2560,320,capture
9,0.00078473,64,2560,320,capture
