index,time,kernel,dimension,blocksize,operation,cudagraph,
0,0.000171614,4,7680,3840,instantiation,1
1,1.3676e-05,4,7680,3840,instantiation,1
2,1.558e-05,4,7680,3840,instantiation,1
3,1.3436e-05,4,7680,3840,instantiation,1
4,1.7573e-05,4,7680,3840,instantiation,1
5,1.4758e-05,4,7680,3840,instantiation,1
6,1.3234e-05,4,7680,3840,instantiation,1
7,1.2414e-05,4,7680,3840,instantiation,1
8,0.000203093,4,7680,3840,instantiation,1
9,1.3606e-05,4,7680,3840,instantiation,1
