index,time,kernel,dimension,blocksize,operation,cudagraph,
0,0.0264479,3364,37120,640,capture,1
1,0.0268448,3364,37120,640,capture,1
2,0.0267906,3364,37120,640,capture,1
3,0.0268469,3364,37120,640,capture,1
4,0.0268714,3364,37120,640,capture,1
5,0.0269881,3364,37120,640,capture,1
6,0.0267222,3364,37120,640,capture,1
7,0.0268858,3364,37120,640,capture,1
8,0.0268681,3364,37120,640,capture,1
9,0.0269691,3364,37120,640,capture,1
