index,time,kernel,dimension,blocksize,operation,cudagraph,
0,0.0222516,3364,37120,640,instantiation,1
1,0.0225813,3364,37120,640,instantiation,1
2,0.0229214,3364,37120,640,instantiation,1
3,0.0237254,3364,37120,640,instantiation,1
4,0.0226892,3364,37120,640,instantiation,1
5,0.0230316,3364,37120,640,instantiation,1
6,0.023652,3364,37120,640,instantiation,1
7,0.0229377,3364,37120,640,instantiation,1
8,0.0226471,3364,37120,640,instantiation,1
9,0.0241266,3364,37120,640,instantiation,1
