index,time,kernel,dimension,blocksize,operation
0,0.171779,18225,34560,256,capture
1,0.173875,18225,34560,256,capture
2,0.173974,18225,34560,256,capture
3,0.173271,18225,34560,256,capture
4,0.173211,18225,34560,256,capture
5,0.173104,18225,34560,256,capture
6,0.173235,18225,34560,256,capture
7,0.173346,18225,34560,256,capture
8,0.173267,18225,34560,256,capture
9,0.173812,18225,34560,256,capture
