index,time,kernel,dimension,blocksize,operation
0,0.00141865,144,15360,1280,capture
1,0.00121442,144,15360,1280,capture
2,0.0013829,144,15360,1280,capture
3,0.00136702,144,15360,1280,capture
4,0.00136967,144,15360,1280,capture
5,0.00133949,144,15360,1280,capture
6,0.00134199,144,15360,1280,capture
7,0.00136181,144,15360,1280,capture
8,0.0013759,144,15360,1280,capture
9,0.00137047,144,15360,1280,capture
