index,time,kernel,dimension,blocksize,operation,cudagraph,
0,0.0001587,4,10240,5120,instantiation,1
1,1.8895e-05,4,10240,5120,instantiation,1
2,1.7022e-05,4,10240,5120,instantiation,1
3,1.7212e-05,4,10240,5120,instantiation,1
4,2.101e-05,4,10240,5120,instantiation,1
5,1.6772e-05,4,10240,5120,instantiation,1
6,1.7423e-05,4,10240,5120,instantiation,1
7,1.8084e-05,4,10240,5120,instantiation,1
8,0.000177946,4,10240,5120,instantiation,1
9,1.7393e-05,4,10240,5120,instantiation,1
