index,time,kernel,dimension,blocksize,operation,cudagraph,
0,0.00363207,484,14080,640,capture,1
1,0.00405649,484,14080,640,capture,1
2,0.0040699,484,14080,640,capture,1
3,0.00406045,484,14080,640,capture,1
4,0.00405874,484,14080,640,capture,1
5,0.00406431,484,14080,640,capture,1
6,0.00406011,484,14080,640,capture,1
7,0.00407099,484,14080,640,capture,1
8,0.00405293,484,14080,640,capture,1
9,0.00409213,484,14080,640,capture,1
