index,time,kernel,dimension,blocksize,operation,cudagraph,
0,0.00228304,484,14080,640,instantiation,1
1,0.00365328,484,14080,640,instantiation,1
2,0.00243544,484,14080,640,instantiation,1
3,0.00367984,484,14080,640,instantiation,1
4,0.00243575,484,14080,640,instantiation,1
5,0.00241011,484,14080,640,instantiation,1
6,0.00380735,484,14080,640,instantiation,1
7,0.00240482,484,14080,640,instantiation,1
8,0.00373454,484,14080,640,instantiation,1
9,0.00243352,484,14080,640,instantiation,1
