index,time,kernel,dimension,blocksize,operation,cudagraph,
0,0.0182211,2500,32000,640,capture,1
1,0.0202837,2500,32000,640,capture,1
2,0.0202433,2500,32000,640,capture,1
3,0.0202736,2500,32000,640,capture,1
4,0.0203289,2500,32000,640,capture,1
5,0.020248,2500,32000,640,capture,1
6,0.0202858,2500,32000,640,capture,1
7,0.0202593,2500,32000,640,capture,1
8,0.0201399,2500,32000,640,capture,1
9,0.0202215,2500,32000,640,capture,1
