index,time,kernel,dimension,blocksize,operation,cudagraph,
0,0.0156719,2500,32000,640,instantiation,1
1,0.0161009,2500,32000,640,instantiation,1
2,0.0166926,2500,32000,640,instantiation,1
3,0.0160216,2500,32000,640,instantiation,1
4,0.0168095,2500,32000,640,instantiation,1
5,0.0160807,2500,32000,640,instantiation,1
6,0.0169268,2500,32000,640,instantiation,1
7,0.0159492,2500,32000,640,instantiation,1
8,0.0170392,2500,32000,640,instantiation,1
9,0.0162019,2500,32000,640,instantiation,1
