index,time,kernel,dimension,blocksize,operation,cudagraph,
0,0.00966598,1296,23040,640,capture,1
1,0.0105476,1296,23040,640,capture,1
2,0.0106123,1296,23040,640,capture,1
3,0.0106133,1296,23040,640,capture,1
4,0.0106663,1296,23040,640,capture,1
5,0.0105858,1296,23040,640,capture,1
6,0.0105662,1296,23040,640,capture,1
7,0.0105728,1296,23040,640,capture,1
8,0.0106405,1296,23040,640,capture,1
9,0.0105964,1296,23040,640,capture,1
