index,time,kernel,dimension,blocksize,operation,cudagraph,
0,0.0077282,1296,23040,640,instantiation,1
1,0.00784394,1296,23040,640,instantiation,1
2,0.00789303,1296,23040,640,instantiation,1
3,0.00874857,1296,23040,640,instantiation,1
4,0.00789509,1296,23040,640,instantiation,1
5,0.00797366,1296,23040,640,instantiation,1
6,0.0090454,1296,23040,640,instantiation,1
7,0.00804658,1296,23040,640,instantiation,1
8,0.00805536,1296,23040,640,instantiation,1
9,0.0080148,1296,23040,640,instantiation,1
