index,time,kernel,dimension,blocksize,operation,cudagraph,
0,0.0365207,5184,23040,320,instantiation,1
1,0.0361722,5184,23040,320,instantiation,1
2,0.0365867,5184,23040,320,instantiation,1
3,0.0368226,5184,23040,320,instantiation,1
4,0.0368685,5184,23040,320,instantiation,1
5,0.0364075,5184,23040,320,instantiation,1
6,0.0366707,5184,23040,320,instantiation,1
7,0.0368415,5184,23040,320,instantiation,1
8,0.0368914,5184,23040,320,instantiation,1
9,0.0373002,5184,23040,320,instantiation,1
