index,time,kernel,dimension,blocksize,operation
0,0.00559674,729,34560,1280,capture
1,0.00602309,729,34560,1280,capture
2,0.00607764,729,34560,1280,capture
3,0.0060343,729,34560,1280,capture
4,0.00601207,729,34560,1280,capture
5,0.00599351,729,34560,1280,capture
6,0.00600026,729,34560,1280,capture
7,0.00605858,729,34560,1280,capture
8,0.00607161,729,34560,1280,capture
9,0.00603164,729,34560,1280,capture
