index,time,kernel,dimension,blocksize,operation
0,0.00342073,729,34560,1280,instantiation
1,0.00478895,729,34560,1280,instantiation
2,0.00476788,729,34560,1280,instantiation
3,0.00365638,729,34560,1280,instantiation
4,0.00485472,729,34560,1280,instantiation
5,0.00476006,729,34560,1280,instantiation
6,0.00485379,729,34560,1280,instantiation
7,0.0036479,729,34560,1280,instantiation
8,0.00493118,729,34560,1280,instantiation
9,0.00481756,729,34560,1280,instantiation
