index,time,kernel,dimension,blocksize,operation,cudagraph,
0,0.000263887,49,17920,2560,instantiation,1
1,0.000265541,49,17920,2560,instantiation,1
2,0.000298473,49,17920,2560,instantiation,1
3,0.000257085,49,17920,2560,instantiation,1
4,0.000652511,49,17920,2560,instantiation,1
5,0.000402309,49,17920,2560,instantiation,1
6,0.000284477,49,17920,2560,instantiation,1
7,0.00027536,49,17920,2560,instantiation,1
8,0.000322258,49,17920,2560,instantiation,1
9,0.00027034,49,17920,2560,instantiation,1
