index,time,kernel,dimension,blocksize,operation,cudagraph,
0,0.0117435,1225,8960,256,capture,1
1,0.0124286,1225,8960,256,capture,1
2,0.0124315,1225,8960,256,capture,1
3,0.0126474,1225,8960,256,capture,1
4,0.0124392,1225,8960,256,capture,1
5,0.0124067,1225,8960,256,capture,1
6,0.0122933,1225,8960,256,capture,1
7,0.0124758,1225,8960,256,capture,1
8,0.0124242,1225,8960,256,capture,1
9,0.012578,1225,8960,256,capture,1
