index,time,kernel,dimension,blocksize,operation,cudagraph,
0,0.00738323,1225,8960,256,instantiation,1
1,0.00747982,1225,8960,256,instantiation,1
2,0.00749643,1225,8960,256,instantiation,1
3,0.00753506,1225,8960,256,instantiation,1
4,0.00860708,1225,8960,256,instantiation,1
5,0.00752968,1225,8960,256,instantiation,1
6,0.00759025,1225,8960,256,instantiation,1
7,0.00760702,1225,8960,256,instantiation,1
8,0.00762435,1225,8960,256,instantiation,1
9,0.00855511,1225,8960,256,instantiation,1
