index,time,kernel,dimension,blocksize,operation,cudagraph,
0,0.0206681,2704,33280,640,capture,1
1,0.0218292,2704,33280,640,capture,1
2,0.0219427,2704,33280,640,capture,1
3,0.02201,2704,33280,640,capture,1
4,0.0218871,2704,33280,640,capture,1
5,0.0219609,2704,33280,640,capture,1
6,0.0217786,2704,33280,640,capture,1
7,0.0217882,2704,33280,640,capture,1
8,0.0218464,2704,33280,640,capture,1
9,0.0218467,2704,33280,640,capture,1
