index,time,kernel,dimension,blocksize,operation,cudagraph,
0,0.0170053,2704,33280,640,instantiation,1
1,0.0180593,2704,33280,640,instantiation,1
2,0.0184512,2704,33280,640,instantiation,1
3,0.0175589,2704,33280,640,instantiation,1
4,0.0182144,2704,33280,640,instantiation,1
5,0.0175146,2704,33280,640,instantiation,1
6,0.0187899,2704,33280,640,instantiation,1
7,0.0184518,2704,33280,640,instantiation,1
8,0.0176824,2704,33280,640,instantiation,1
9,0.0187083,2704,33280,640,instantiation,1
