index,time,kernel,dimension,blocksize,operation
0,0.0712279,7744,28160,320,capture
1,0.0720902,7744,28160,320,capture
2,0.0718833,7744,28160,320,capture
3,0.0719187,7744,28160,320,capture
4,0.0719257,7744,28160,320,capture
5,0.0719639,7744,28160,320,capture
6,0.0717637,7744,28160,320,capture
7,0.0716753,7744,28160,320,capture
8,0.0720216,7744,28160,320,capture
9,0.0717457,7744,28160,320,capture
