index,time,kernel,dimension,blocksize,operation
0,0.0563667,7744,28160,320,instantiation
1,0.0569302,7744,28160,320,instantiation
2,0.0566379,7744,28160,320,instantiation
3,0.0574305,7744,28160,320,instantiation
4,0.0562356,7744,28160,320,instantiation
5,0.0574472,7744,28160,320,instantiation
6,0.05695,7744,28160,320,instantiation
7,0.0560143,7744,28160,320,instantiation
8,0.0574241,7744,28160,320,instantiation
9,0.0568188,7744,28160,320,instantiation
