index,time,kernel,dimension,blocksize,operation,cudagraph,
0,0.157698,19600,35840,256,instantiation,1
1,0.155644,19600,35840,256,instantiation,1
2,0.157683,19600,35840,256,instantiation,1
3,0.158184,19600,35840,256,instantiation,1
4,0.160556,19600,35840,256,instantiation,1
5,0.158554,19600,35840,256,instantiation,1
6,0.160015,19600,35840,256,instantiation,1
7,0.160149,19600,35840,256,instantiation,1
