index,time,kernel,dimension,blocksize,operation,cudagraph,
0,0.000237047,36,30720,5120,capture,1
1,0.00017518,36,30720,5120,capture,1
2,0.000170762,36,30720,5120,capture,1
3,0.00016993,36,30720,5120,capture,1
4,0.000173007,36,30720,5120,capture,1
5,0.000169039,36,30720,5120,capture,1
6,0.000168578,36,30720,5120,capture,1
7,0.000168208,36,30720,5120,capture,1
8,0.000171794,36,30720,5120,capture,1
9,0.000167286,36,30720,5120,capture,1
