index,time,kernel,dimension,blocksize,operation,cudagraph,
0,0.000262895,64,30720,3840,instantiation,1
1,0.000273275,64,30720,3840,instantiation,1
2,0.000295427,64,30720,3840,instantiation,1
3,0.000272263,64,30720,3840,instantiation,1
4,0.000276492,64,30720,3840,instantiation,1
5,0.000260652,64,30720,3840,instantiation,1
6,0.000246745,64,30720,3840,instantiation,1
7,0.000279827,64,30720,3840,instantiation,1
8,0.000391789,64,30720,3840,instantiation,1
9,0.000423589,64,30720,3840,instantiation,1
