index,time,kernel,dimension,blocksize,operation,cudagraph,
0,0.0325674,4096,40960,640,capture,1
1,0.0332905,4096,40960,640,capture,1
2,0.0332227,4096,40960,640,capture,1
3,0.0329429,4096,40960,640,capture,1
4,0.0330857,4096,40960,640,capture,1
5,0.033036,4096,40960,640,capture,1
