index,time,kernel,dimension,blocksize,operation,cudagraph,
0,0.02792,4096,40960,640,instantiation,1
1,0.028564,4096,40960,640,instantiation,1
2,0.0287574,4096,40960,640,instantiation,1
3,0.0285772,4096,40960,640,instantiation,1
4,0.0285364,4096,40960,640,instantiation,1
