index,time,kernel,dimension,blocksize,operation,cudagraph,
0,0.0264472,3364,37120,640,capture,1
1,0.0269064,3364,37120,640,capture,1
2,0.0271221,3364,37120,640,capture,1
3,0.0269707,3364,37120,640,capture,1
4,0.0269151,3364,37120,640,capture,1
5,0.0267765,3364,37120,640,capture,1
6,0.0268195,3364,37120,640,capture,1
7,0.0269109,3364,37120,640,capture,1
8,0.0269464,3364,37120,640,capture,1
9,0.0269657,3364,37120,640,capture,1
