index,time,kernel,dimension,blocksize,operation,cudagraph,
0,0.082301,11025,26880,256,instantiation,1
1,0.0831733,11025,26880,256,instantiation,1
2,0.0824587,11025,26880,256,instantiation,1
3,0.0842322,11025,26880,256,instantiation,1
4,0.0824504,11025,26880,256,instantiation,1
5,0.0842879,11025,26880,256,instantiation,1
6,0.0836936,11025,26880,256,instantiation,1
7,0.0843742,11025,26880,256,instantiation,1
8,0.0862611,11025,26880,256,instantiation,1
9,0.0842954,11025,26880,256,instantiation,1
