index,time,kernel,dimension,blocksize,operation,cudagraph,
0,0.0434698,4900,17920,256,capture,1
1,0.0460096,4900,17920,256,capture,1
2,0.0457671,4900,17920,256,capture,1
3,0.0457824,4900,17920,256,capture,1
4,0.0459471,4900,17920,256,capture,1
5,0.0458749,4900,17920,256,capture,1
6,0.0457955,4900,17920,256,capture,1
7,0.0457615,4900,17920,256,capture,1
8,0.0457678,4900,17920,256,capture,1
9,0.0457918,4900,17920,256,capture,1
