index,time,kernel,dimension,blocksize,operation,cudagraph,
0,0.00726093,900,19200,640,capture,1
1,0.00746704,900,19200,640,capture,1
2,0.00748276,900,19200,640,capture,1
3,0.0074464,900,19200,640,capture,1
4,0.00750006,900,19200,640,capture,1
5,0.00751229,900,19200,640,capture,1
6,0.00743964,900,19200,640,capture,1
7,0.00750673,900,19200,640,capture,1
8,0.00748768,900,19200,640,capture,1
9,0.00752887,900,19200,640,capture,1
