index,time,kernel,dimension,blocksize,operation,cudagraph,
0,0.00455268,900,19200,640,instantiation,1
1,0.00589361,900,19200,640,instantiation,1
2,0.005792,900,19200,640,instantiation,1
3,0.00589538,900,19200,640,instantiation,1
4,0.00591998,900,19200,640,instantiation,1
5,0.00587272,900,19200,640,instantiation,1
6,0.00585014,900,19200,640,instantiation,1
7,0.00588668,900,19200,640,instantiation,1
8,0.00594836,900,19200,640,instantiation,1
9,0.00443541,900,19200,640,instantiation,1
