index,time,kernel,dimension,blocksize,operation,cudagraph,
0,0.0638084,7056,26880,320,capture,1
1,0.065455,7056,26880,320,capture,1
2,0.0656404,7056,26880,320,capture,1
3,0.0655719,7056,26880,320,capture,1
4,0.0654876,7056,26880,320,capture,1
5,0.065422,7056,26880,320,capture,1
6,0.0652466,7056,26880,320,capture,1
7,0.0655149,7056,26880,320,capture,1
8,0.0655392,7056,26880,320,capture,1
9,0.0655452,7056,26880,320,capture,1
