index,time,kernel,dimension,blocksize,operation,cudagraph,
0,0.0505761,7056,26880,320,instantiation,1
1,0.0514974,7056,26880,320,instantiation,1
2,0.0531107,7056,26880,320,instantiation,1
3,0.0517902,7056,26880,320,instantiation,1
4,0.0519025,7056,26880,320,instantiation,1
5,0.0515395,7056,26880,320,instantiation,1
6,0.0519731,7056,26880,320,instantiation,1
7,0.0526106,7056,26880,320,instantiation,1
8,0.0528147,7056,26880,320,instantiation,1
9,0.0528883,7056,26880,320,instantiation,1
