index,time,kernel,dimension,blocksize,operation,cudagraph,
0,0.00307451,784,35840,1280,instantiation,1
1,0.00536328,784,35840,1280,instantiation,1
2,0.00517492,784,35840,1280,instantiation,1
3,0.00523334,784,35840,1280,instantiation,1
4,0.00439237,784,35840,1280,instantiation,1
5,0.00555467,784,35840,1280,instantiation,1
6,0.00584974,784,35840,1280,instantiation,1
7,0.00546582,784,35840,1280,instantiation,1
8,0.00545687,784,35840,1280,instantiation,1
9,0.00410731,784,35840,1280,instantiation,1
