index,time,kernel,dimension,blocksize,operation,cudagraph,
0,0.000292982,36,7680,1280,capture,1
1,0.000221768,36,7680,1280,capture,1
2,0.000225566,36,7680,1280,capture,1
3,0.00022303,36,7680,1280,capture,1
4,0.000222329,36,7680,1280,capture,1
5,0.000224804,36,7680,1280,capture,1
6,0.000222991,36,7680,1280,capture,1
7,0.000224824,36,7680,1280,capture,1
8,0.000220937,36,7680,1280,capture,1
9,0.000223291,36,7680,1280,capture,1
