index,time,kernel,dimension,blocksize,operation,cudagraph,
0,0.000226167,36,7680,1280,instantiation,1
1,0.000247117,36,7680,1280,instantiation,1
2,0.000244331,36,7680,1280,instantiation,1
3,0.000218172,36,7680,1280,instantiation,1
4,0.000221257,36,7680,1280,instantiation,1
5,0.000227729,36,7680,1280,instantiation,1
6,0.000199175,36,7680,1280,instantiation,1
7,0.000230835,36,7680,1280,instantiation,1
8,0.000211139,36,7680,1280,instantiation,1
9,0.000212361,36,7680,1280,instantiation,1
