index,time,kernel,dimension,blocksize,operation,cudagraph,
0,0.000202031,36,15360,2560,capture,1
1,0.000140465,36,15360,2560,capture,1
2,0.000155353,36,15360,2560,capture,1
3,0.000157297,36,15360,2560,capture,1
4,0.000156425,36,15360,2560,capture,1
5,0.000153519,36,15360,2560,capture,1
6,0.000155063,36,15360,2560,capture,1
7,0.000166704,36,15360,2560,capture,1
8,0.000161475,36,15360,2560,capture,1
9,0.000162546,36,15360,2560,capture,1
