index,time,kernel,dimension,blocksize,operation,cudagraph,
0,0.0137815,1600,2560,64,instantiation,1
1,0.0135998,1600,2560,64,instantiation,1
2,0.0149469,1600,2560,64,instantiation,1
3,0.0139066,1600,2560,64,instantiation,1
4,0.0141035,1600,2560,64,instantiation,1
5,0.0152284,1600,2560,64,instantiation,1
6,0.0140753,1600,2560,64,instantiation,1
7,0.0142521,1600,2560,64,instantiation,1
8,0.0152374,1600,2560,64,instantiation,1
9,0.0141796,1600,2560,64,instantiation,1
