index,time,kernel,dimension,blocksize,operation,cudagraph,
0,0.00286388,784,8960,320,instantiation,1
1,0.00500513,784,8960,320,instantiation,1
2,0.00544174,784,8960,320,instantiation,1
3,0.00503209,784,8960,320,instantiation,1
4,0.00382302,784,8960,320,instantiation,1
5,0.00501732,784,8960,320,instantiation,1
6,0.00538326,784,8960,320,instantiation,1
7,0.00514451,784,8960,320,instantiation,1
8,0.00510243,784,8960,320,instantiation,1
9,0.00380346,784,8960,320,instantiation,1
