index,time,kernel,dimension,blocksize,operation,cudagraph,
0,0.000206139,25,25600,5120,instantiation,1
1,0.000199977,25,25600,5120,instantiation,1
2,0.000190339,25,25600,5120,instantiation,1
3,0.000182744,25,25600,5120,instantiation,1
4,5.3722e-05,25,25600,5120,instantiation,1
5,0.000188526,25,25600,5120,instantiation,1
6,0.000176853,25,25600,5120,instantiation,1
7,0.000183466,25,25600,5120,instantiation,1
8,0.000192183,25,25600,5120,instantiation,1
9,5.4243e-05,25,25600,5120,instantiation,1
