index,time,kernel,dimension,blocksize,operation,cudagraph,
0,0.0133652,1600,5120,128,instantiation,1
1,0.0140298,1600,5120,128,instantiation,1
2,0.014886,1600,5120,128,instantiation,1
3,0.0136276,1600,5120,128,instantiation,1
4,0.0140602,1600,5120,128,instantiation,1
5,0.0153336,1600,5120,128,instantiation,1
6,0.0139257,1600,5120,128,instantiation,1
7,0.0143681,1600,5120,128,instantiation,1
8,0.0150078,1600,5120,128,instantiation,1
9,0.0146269,1600,5120,128,instantiation,1
