index,time,kernel,dimension,blocksize,operation,cudagraph,
0,0.000199467,25,25600,5120,capture,1
1,0.000128563,25,25600,5120,capture,1
2,0.000120066,25,25600,5120,capture,1
3,0.000119145,25,25600,5120,capture,1
4,0.000119044,25,25600,5120,capture,1
5,0.000118834,25,25600,5120,capture,1
6,0.000119506,25,25600,5120,capture,1
7,0.000125416,25,25600,5120,capture,1
8,0.000119675,25,25600,5120,capture,1
9,0.000118373,25,25600,5120,capture,1
