index,time,kernel,dimension,blocksize,operation,cudagraph,
0,0.000158407,9,23040,7680,instantiation,1
1,2.5087e-05,9,23040,7680,instantiation,1
2,2.5468e-05,9,23040,7680,instantiation,1
3,0.000175419,9,23040,7680,instantiation,1
4,2.4356e-05,9,23040,7680,instantiation,1
5,2.2221e-05,9,23040,7680,instantiation,1
6,2.3294e-05,9,23040,7680,instantiation,1
7,0.000156083,9,23040,7680,instantiation,1
8,2.4356e-05,9,23040,7680,instantiation,1
9,2.1922e-05,9,23040,7680,instantiation,1
