index,time,kernel,dimension,blocksize,operation
0,0.00152867,400,25600,1280,instantiation
1,0.00202073,400,25600,1280,instantiation
2,0.00318358,400,25600,1280,instantiation
3,0.00200303,400,25600,1280,instantiation
4,0.00315585,400,25600,1280,instantiation
5,0.00198606,400,25600,1280,instantiation
6,0.00200707,400,25600,1280,instantiation
7,0.0032755,400,25600,1280,instantiation
8,0.00197036,400,25600,1280,instantiation
9,0.00317123,400,25600,1280,instantiation
