index,time,kernel,dimension,blocksize,operation,cudagraph,
0,0.000160182,4,17920,8960,instantiation,1
1,1.6291e-05,4,17920,8960,instantiation,1
2,1.7362e-05,4,17920,8960,instantiation,1
3,1.5699e-05,4,17920,8960,instantiation,1
4,1.9236e-05,4,17920,8960,instantiation,1
5,1.5168e-05,4,17920,8960,instantiation,1
6,1.6401e-05,4,17920,8960,instantiation,1
7,1.4507e-05,4,17920,8960,instantiation,1
8,0.000163729,4,17920,8960,instantiation,1
9,1.6231e-05,4,17920,8960,instantiation,1
