index,time,kernel,dimension,blocksize,operation,cudagraph,
0,0.0208561,3136,35840,640,instantiation,1
1,0.021032,3136,35840,640,instantiation,1
2,0.0210505,3136,35840,640,instantiation,1
3,0.0210581,3136,35840,640,instantiation,1
4,0.0213488,3136,35840,640,instantiation,1
5,0.0213166,3136,35840,640,instantiation,1
6,0.0209859,3136,35840,640,instantiation,1
7,0.0211467,3136,35840,640,instantiation,1
8,0.0215789,3136,35840,640,instantiation,1
9,0.0212696,3136,35840,640,instantiation,1
