index,time,kernel,dimension,blocksize,operation
0,0.000714839,64,10240,1280,capture
1,0.000645899,64,10240,1280,capture
2,0.000654464,64,10240,1280,capture
3,0.000654405,64,10240,1280,capture
4,0.000649626,64,10240,1280,capture
5,0.00063068,64,10240,1280,capture
6,0.000640889,64,10240,1280,capture
7,0.000629076,64,10240,1280,capture
8,0.000719598,64,10240,1280,capture
9,0.000727773,64,10240,1280,capture
