index,time,kernel,dimension,blocksize,operation
0,0.000324151,64,10240,1280,instantiation
1,0.000348989,64,10240,1280,instantiation
2,0.000315495,64,10240,1280,instantiation
3,0.000375529,64,10240,1280,instantiation
4,0.000311247,64,10240,1280,instantiation
5,0.000318942,64,10240,1280,instantiation
6,0.00031261,64,10240,1280,instantiation
7,0.000381861,64,10240,1280,instantiation
8,0.000473423,64,10240,1280,instantiation
9,0.000457322,64,10240,1280,instantiation
