index,time,kernel,dimension,blocksize,operation,cudagraph,
0,0.00018568,25,19200,3840,capture,1
1,0.000117461,25,19200,3840,capture,1
2,0.00011713,25,19200,3840,capture,1
3,0.000118012,25,19200,3840,capture,1
4,0.000118473,25,19200,3840,capture,1
5,0.000117221,25,19200,3840,capture,1
6,0.000118794,25,19200,3840,capture,1
7,0.000116539,25,19200,3840,capture,1
8,0.000119826,25,19200,3840,capture,1
9,0.000118624,25,19200,3840,capture,1
