index,time,kernel,dimension,blocksize,operation,cudagraph,
0,0.000186932,25,19200,3840,instantiation,1
1,0.000198414,25,19200,3840,instantiation,1
2,0.000197703,25,19200,3840,instantiation,1
3,0.000193304,25,19200,3840,instantiation,1
4,5.5745e-05,25,19200,3840,instantiation,1
5,0.000198955,25,19200,3840,instantiation,1
6,0.000174328,25,19200,3840,instantiation,1
7,0.000198484,25,19200,3840,instantiation,1
8,0.000232608,25,19200,3840,instantiation,1
9,5.1417e-05,25,19200,3840,instantiation,1
