index,time,kernel,dimension,blocksize,operation,cudagraph,
0,0.00270067,324,23040,1280,capture,1
1,0.00248699,324,23040,1280,capture,1
2,0.00244115,324,23040,1280,capture,1
3,0.00276115,324,23040,1280,capture,1
4,0.002782,324,23040,1280,capture,1
5,0.00276711,324,23040,1280,capture,1
6,0.00270549,324,23040,1280,capture,1
7,0.00272534,324,23040,1280,capture,1
8,0.00275178,324,23040,1280,capture,1
9,0.00274234,324,23040,1280,capture,1
