index,time,kernel,dimension,blocksize,operation,cudagraph,
0,0.00115464,324,23040,1280,instantiation,1
1,0.00112749,324,23040,1280,instantiation,1
2,0.00271792,324,23040,1280,instantiation,1
3,0.00169043,324,23040,1280,instantiation,1
4,0.00168465,324,23040,1280,instantiation,1
5,0.00287064,324,23040,1280,instantiation,1
6,0.00165874,324,23040,1280,instantiation,1
7,0.00165841,324,23040,1280,instantiation,1
8,0.00289931,324,23040,1280,instantiation,1
9,0.00166974,324,23040,1280,instantiation,1
