index,time,kernel,dimension,blocksize,operation,cudagraph,
0,0.0272267,3600,38400,640,capture,1
1,0.0289478,3600,38400,640,capture,1
2,0.0289581,3600,38400,640,capture,1
3,0.0289921,3600,38400,640,capture,1
4,0.0289112,3600,38400,640,capture,1
5,0.0289074,3600,38400,640,capture,1
6,0.0293175,3600,38400,640,capture,1
7,0.0289251,3600,38400,640,capture,1
8,0.0289807,3600,38400,640,capture,1
9,0.0291922,3600,38400,640,capture,1
