index,time,kernel,dimension,blocksize,operation,cudagraph,
0,0.00019613,9,11520,3840,instantiation,1
1,2.9726e-05,9,11520,3840,instantiation,1
2,2.665e-05,9,11520,3840,instantiation,1
3,0.000240854,9,11520,3840,instantiation,1
4,3.0457e-05,9,11520,3840,instantiation,1
5,2.655e-05,9,11520,3840,instantiation,1
6,2.8534e-05,9,11520,3840,instantiation,1
7,0.000204977,9,11520,3840,instantiation,1
8,3.2181e-05,9,11520,3840,instantiation,1
9,2.7972e-05,9,11520,3840,instantiation,1
