index,time,kernel,dimension,blocksize,operation,cudagraph,
0,0.000688659,64,5120,640,capture,1
1,0.000623877,64,5120,640,capture,1
2,0.000623747,64,5120,640,capture,1
3,0.000683199,64,5120,640,capture,1
4,0.000622625,64,5120,640,capture,1
5,0.000621913,64,5120,640,capture,1
6,0.00060934,64,5120,640,capture,1
7,0.000615631,64,5120,640,capture,1
8,0.000637703,64,5120,640,capture,1
9,0.000617154,64,5120,640,capture,1
