index,time,kernel,dimension,blocksize,operation,cudagraph,
0,0.000363586,9,38400,12800,capture,1
1,0.000311287,9,38400,12800,capture,1
2,0.000326616,9,38400,12800,capture,1
3,0.000318591,9,38400,12800,capture,1
4,0.000310236,9,38400,12800,capture,1
5,0.000324393,9,38400,12800,capture,1
6,0.000273055,9,38400,12800,capture,1
7,0.000444289,9,38400,12800,capture,1
8,0.000317709,9,38400,12800,capture,1
9,0.000343178,9,38400,12800,capture,1
