index,time,kernel,dimension,blocksize,operation,cudagraph,
0,0.000295778,9,38400,12800,instantiation,1
1,0.00028137,9,38400,12800,instantiation,1
2,5.268e-05,9,38400,12800,instantiation,1
3,0.000313872,9,38400,12800,instantiation,1
4,5.7919e-05,9,38400,12800,instantiation,1
5,0.000282312,9,38400,12800,instantiation,1
6,5.291e-05,9,38400,12800,instantiation,1
7,0.000282783,9,38400,12800,instantiation,1
8,0.000287563,9,38400,12800,instantiation,1
9,5.4954e-05,9,38400,12800,instantiation,1
