index,time,kernel,dimension,blocksize,operation
0,0.0686844,9216,30720,320,instantiation
1,0.0688565,9216,30720,320,instantiation
2,0.0687158,9216,30720,320,instantiation
3,0.0690494,9216,30720,320,instantiation
4,0.0687796,9216,30720,320,instantiation
5,0.0685758,9216,30720,320,instantiation
6,0.0693991,9216,30720,320,instantiation
7,0.0687349,9216,30720,320,instantiation
8,0.0697962,9216,30720,320,instantiation
9,0.0698015,9216,30720,320,instantiation
