index,time,kernel,dimension,blocksize,operation,cudagraph,
0,0.00111058,100,2560,256,capture,1
1,0.001137,100,2560,256,capture,1
2,0.0011377,100,2560,256,capture,1
3,0.00114146,100,2560,256,capture,1
4,0.00113677,100,2560,256,capture,1
5,0.00114027,100,2560,256,capture,1
6,0.0011304,100,2560,256,capture,1
7,0.00114227,100,2560,256,capture,1
8,0.00113432,100,2560,256,capture,1
9,0.00114006,100,2560,256,capture,1
