index,time,kernel,dimension,blocksize,operation,cudagraph,
0,0.000483673,100,2560,256,instantiation,1
1,0.000569354,100,2560,256,instantiation,1
2,0.000615701,100,2560,256,instantiation,1
3,0.000585615,100,2560,256,instantiation,1
4,0.000585995,100,2560,256,instantiation,1
5,0.000575767,100,2560,256,instantiation,1
6,0.000584663,100,2560,256,instantiation,1
7,0.000579293,100,2560,256,instantiation,1
8,0.00168834,100,2560,256,instantiation,1
9,0.000591506,100,2560,256,instantiation,1
