index,time,kernel,dimension,blocksize,operation,cudagraph,
0,0.000207442,36,23040,3840,instantiation,1
1,0.000202912,36,23040,3840,instantiation,1
2,0.000207742,36,23040,3840,instantiation,1
3,0.00020693,36,23040,3840,instantiation,1
4,0.000214174,36,23040,3840,instantiation,1
5,0.000203374,36,23040,3840,instantiation,1
6,0.000315675,36,23040,3840,instantiation,1
7,0.000321576,36,23040,3840,instantiation,1
8,0.000313211,36,23040,3840,instantiation,1
9,0.000324021,36,23040,3840,instantiation,1
