index,time,kernel,dimension,blocksize,operation,cudagraph,
0,0.000232368,25,38400,7680,capture,1
1,0.000158018,25,38400,7680,capture,1
2,0.000159631,25,38400,7680,capture,1
3,0.000160092,25,38400,7680,capture,1
4,0.000172926,25,38400,7680,capture,1
5,0.000181192,25,38400,7680,capture,1
6,0.000186001,25,38400,7680,capture,1
7,0.000186952,25,38400,7680,capture,1
8,0.000182745,25,38400,7680,capture,1
9,0.000182424,25,38400,7680,capture,1
