index,time,kernel,dimension,blocksize,operation,cudagraph,
0,0.0929453,10000,25600,256,capture,1
1,0.0936129,10000,25600,256,capture,1
2,0.0938043,10000,25600,256,capture,1
3,0.093958,10000,25600,256,capture,1
4,0.0936418,10000,25600,256,capture,1
5,0.0942907,10000,25600,256,capture,1
6,0.0937016,10000,25600,256,capture,1
7,0.0943288,10000,25600,256,capture,1
8,0.0939426,10000,25600,256,capture,1
9,0.09449,10000,25600,256,capture,1
