index,time,kernel,dimension,blocksize,operation
0,0.00609917,625,6400,256,capture
1,0.00634603,625,6400,256,capture
2,0.00629121,625,6400,256,capture
3,0.00636492,625,6400,256,capture
4,0.00629591,625,6400,256,capture
5,0.00626357,625,6400,256,capture
6,0.00628208,625,6400,256,capture
7,0.00629984,625,6400,256,capture
8,0.00629519,625,6400,256,capture
9,0.00627418,625,6400,256,capture
