index,time,kernel,dimension,blocksize,operation,cudagraph,
0,0.0288373,3844,39680,640,capture,1
1,0.030929,3844,39680,640,capture,1
2,0.0313019,3844,39680,640,capture,1
3,0.0314807,3844,39680,640,capture,1
4,0.0314945,3844,39680,640,capture,1
5,0.0317208,3844,39680,640,capture,1
6,0.0310924,3844,39680,640,capture,1
7,0.0310108,3844,39680,640,capture,1
8,0.031018,3844,39680,640,capture,1
9,0.0311494,3844,39680,640,capture,1
