index,time,kernel,dimension,blocksize,operation,cudagraph,
0,0.00941442,1024,10240,320,capture,1
1,0.0102357,1024,10240,320,capture,1
2,0.00990574,1024,10240,320,capture,1
3,0.0100975,1024,10240,320,capture,1
4,0.00995865,1024,10240,320,capture,1
5,0.0098912,1024,10240,320,capture,1
6,0.0100473,1024,10240,320,capture,1
7,0.00996559,1024,10240,320,capture,1
8,0.00987568,1024,10240,320,capture,1
9,0.0100417,1024,10240,320,capture,1
