index,time,kernel,dimension,blocksize,operation,cudagraph,
0,0.00620876,1024,10240,320,instantiation,1
1,0.00680336,1024,10240,320,instantiation,1
2,0.00648052,1024,10240,320,instantiation,1
3,0.00674686,1024,10240,320,instantiation,1
4,0.00633147,1024,10240,320,instantiation,1
5,0.00633719,1024,10240,320,instantiation,1
6,0.00675053,1024,10240,320,instantiation,1
7,0.00638618,1024,10240,320,instantiation,1
8,0.00635458,1024,10240,320,instantiation,1
9,0.00683041,1024,10240,320,instantiation,1
