index,time,kernel,dimension,blocksize,operation,cudagraph,
0,0.0241688,3600,38400,640,instantiation,1
1,0.0251809,3600,38400,640,instantiation,1
2,0.0244425,3600,38400,640,instantiation,1
3,0.0253132,3600,38400,640,instantiation,1
4,0.0250758,3600,38400,640,instantiation,1
5,0.025776,3600,38400,640,instantiation,1
6,0.025355,3600,38400,640,instantiation,1
7,0.0262994,3600,38400,640,instantiation,1
8,0.0246452,3600,38400,640,instantiation,1
9,0.0263503,3600,38400,640,instantiation,1
