index,time,kernel,dimension,blocksize,operation
0,0.00764654,1444,24320,640,instantiation
1,0.00870739,1444,24320,640,instantiation
2,0.00957643,1444,24320,640,instantiation
3,0.00874346,1444,24320,640,instantiation
4,0.00978028,1444,24320,640,instantiation
5,0.00879921,1444,24320,640,instantiation
6,0.00986577,1444,24320,640,instantiation
7,0.00891431,1444,24320,640,instantiation
8,0.00893562,1444,24320,640,instantiation
9,0.009906,1444,24320,640,instantiation
