index,time,kernel,dimension,blocksize,operation,cudagraph,
0,0.0275338,4096,20480,320,instantiation,1
1,0.0277851,4096,20480,320,instantiation,1
2,0.0281496,4096,20480,320,instantiation,1
3,0.028318,4096,20480,320,instantiation,1
4,0.0283674,4096,20480,320,instantiation,1
5,0.0284468,4096,20480,320,instantiation,1
6,0.0282401,4096,20480,320,instantiation,1
7,0.0279559,4096,20480,320,instantiation,1
8,0.028172,4096,20480,320,instantiation,1
9,0.0282157,4096,20480,320,instantiation,1
