index,time,kernel,dimension,blocksize,operation,cudagraph,
0,0.00201068,256,20480,1280,capture,1
1,0.00219223,256,20480,1280,capture,1
2,0.00220952,256,20480,1280,capture,1
3,0.00222323,256,20480,1280,capture,1
4,0.00234373,256,20480,1280,capture,1
5,0.00229485,256,20480,1280,capture,1
6,0.00228228,256,20480,1280,capture,1
7,0.00231661,256,20480,1280,capture,1
8,0.00232566,256,20480,1280,capture,1
9,0.00231007,256,20480,1280,capture,1
