index,time,kernel,dimension,blocksize,operation,cudagraph,
0,0.00878328,1156,21760,640,capture,1
1,0.00928242,1156,21760,640,capture,1
2,0.00924361,1156,21760,640,capture,1
3,0.00925846,1156,21760,640,capture,1
4,0.00932082,1156,21760,640,capture,1
5,0.00967271,1156,21760,640,capture,1
6,0.00926027,1156,21760,640,capture,1
7,0.00930933,1156,21760,640,capture,1
8,0.00927872,1156,21760,640,capture,1
9,0.00932215,1156,21760,640,capture,1
