index,time,kernel,dimension,blocksize,operation,cudagraph,
0,0.269945,32400,23040,128,capture,1
1,0.268568,32400,23040,128,capture,1
2,0.271252,32400,23040,128,capture,1
3,0.269198,32400,23040,128,capture,1
4,0.27374,32400,23040,128,capture,1
5,0.269084,32400,23040,128,capture,1
6,0.268619,32400,23040,128,capture,1
