index,time,kernel,dimension,blocksize,operation,cudagraph,
0,0.374724,32400,23040,128,instantiation,1
1,0.375522,32400,23040,128,instantiation,1
2,0.378751,32400,23040,128,instantiation,1
3,0.404438,32400,23040,128,instantiation,1
4,0.428574,32400,23040,128,instantiation,1
5,0.450136,32400,23040,128,instantiation,1
