index,time,kernel,dimension,blocksize,operation,cudagraph,
0,0.000335503,16,2560,640,capture,1
1,0.000261714,16,2560,640,capture,1
2,0.000258968,16,2560,640,capture,1
3,0.000259449,16,2560,640,capture,1
4,0.000261434,16,2560,640,capture,1
5,0.000263437,16,2560,640,capture,1
6,0.0002708,16,2560,640,capture,1
7,0.000257466,16,2560,640,capture,1
8,0.000260191,16,2560,640,capture,1
9,0.000259128,16,2560,640,capture,1
