index,time,kernel,dimension,blocksize,operation,cudagraph,
0,0.000188636,16,2560,640,instantiation,1
1,5.8962e-05,16,2560,640,instantiation,1
2,0.000172776,16,2560,640,instantiation,1
3,5.3211e-05,16,2560,640,instantiation,1
4,0.000175811,16,2560,640,instantiation,1
5,5.4913e-05,16,2560,640,instantiation,1
6,0.000173487,16,2560,640,instantiation,1
7,5.3801e-05,16,2560,640,instantiation,1
8,0.000179459,16,2560,640,instantiation,1
9,4.8631e-05,16,2560,640,instantiation,1
