index,time,kernel,dimension,blocksize,operation,cudagraph,
0,0.000183366,16,35840,8960,capture,1
1,0.000109266,16,35840,8960,capture,1
2,0.000110308,16,35840,8960,capture,1
3,0.000108805,16,35840,8960,capture,1
4,0.000107834,16,35840,8960,capture,1
5,0.000108715,16,35840,8960,capture,1
6,0.000108805,16,35840,8960,capture,1
7,0.000106671,16,35840,8960,capture,1
8,0.000106531,16,35840,8960,capture,1
9,0.000107022,16,35840,8960,capture,1
