index,time,kernel,dimension,blocksize,operation,cudagraph,
0,0.000159781,9,30720,10240,instantiation,1
1,2.3264e-05,9,30720,10240,instantiation,1
2,2.4246e-05,9,30720,10240,instantiation,1
3,0.000179959,9,30720,10240,instantiation,1
4,2.5067e-05,9,30720,10240,instantiation,1
5,2.3815e-05,9,30720,10240,instantiation,1
6,2.3705e-05,9,30720,10240,instantiation,1
7,0.000167076,9,30720,10240,instantiation,1
8,2.6871e-05,9,30720,10240,instantiation,1
9,2.5207e-05,9,30720,10240,instantiation,1
