index,time,kernel,dimension,blocksize,operation,cudagraph,
0,0.00165355,196,35840,2560,capture,1
1,0.00159303,196,35840,2560,capture,1
2,0.00175046,196,35840,2560,capture,1
3,0.00176053,196,35840,2560,capture,1
4,0.00179913,196,35840,2560,capture,1
5,0.00176009,196,35840,2560,capture,1
6,0.00173833,196,35840,2560,capture,1
7,0.00178975,196,35840,2560,capture,1
8,0.00178471,196,35840,2560,capture,1
9,0.00176826,196,35840,2560,capture,1
