index,time,kernel,dimension,blocksize,operation,cudagraph,
0,0.00108671,196,35840,2560,instantiation,1
1,0.00123151,196,35840,2560,instantiation,1
2,0.00263028,196,35840,2560,instantiation,1
3,0.00144959,196,35840,2560,instantiation,1
4,0.00259782,196,35840,2560,instantiation,1
5,0.00147155,196,35840,2560,instantiation,1
6,0.00247926,196,35840,2560,instantiation,1
7,0.00146226,196,35840,2560,instantiation,1
8,0.00146114,196,35840,2560,instantiation,1
9,0.00275757,196,35840,2560,instantiation,1
