index,time,kernel,dimension,blocksize,operation,cudagraph,
0,0.00233985,289,21760,1280,capture,1
1,0.00224701,289,21760,1280,capture,1
2,0.00223748,289,21760,1280,capture,1
3,0.00219438,289,21760,1280,capture,1
4,0.00249611,289,21760,1280,capture,1
5,0.00249069,289,21760,1280,capture,1
6,0.00247106,289,21760,1280,capture,1
7,0.00249522,289,21760,1280,capture,1
8,0.00250267,289,21760,1280,capture,1
9,0.00253849,289,21760,1280,capture,1
