index,time,kernel,dimension,blocksize,operation
0,0.000464266,121,14080,1280,instantiation
1,0.000719076,121,14080,1280,instantiation
2,0.000697245,121,14080,1280,instantiation
3,0.000691585,121,14080,1280,instantiation
4,0.000723295,121,14080,1280,instantiation
5,0.000693618,121,14080,1280,instantiation
6,0.000686946,121,14080,1280,instantiation
7,0.000703487,121,14080,1280,instantiation
8,0.000705731,121,14080,1280,instantiation
9,0.000688288,121,14080,1280,instantiation
