index,time,kernel,dimension,blocksize,operation,cudagraph,
0,0.00183947,196,8960,640,capture,1
1,0.00166053,196,8960,640,capture,1
2,0.00180419,196,8960,640,capture,1
3,0.00182054,196,8960,640,capture,1
4,0.00181517,196,8960,640,capture,1
5,0.00184752,196,8960,640,capture,1
6,0.00177514,196,8960,640,capture,1
7,0.00180737,196,8960,640,capture,1
8,0.00182238,196,8960,640,capture,1
9,0.00181075,196,8960,640,capture,1
