index,time,kernel,dimension,blocksize,operation,cudagraph,
0,0.000708998,196,8960,640,instantiation,1
1,0.00080012,196,8960,640,instantiation,1
2,0.00103792,196,8960,640,instantiation,1
3,0.0011624,196,8960,640,instantiation,1
4,0.00226296,196,8960,640,instantiation,1
5,0.00117434,196,8960,640,instantiation,1
6,0.00107536,196,8960,640,instantiation,1
7,0.00105893,196,8960,640,instantiation,1
8,0.00115613,196,8960,640,instantiation,1
9,0.00229331,196,8960,640,instantiation,1
