index,time,kernel,dimension,blocksize,operation,cudagraph,
0,0.0778823,8464,29440,320,capture,1
1,0.0797679,8464,29440,320,capture,1
2,0.0798981,8464,29440,320,capture,1
3,0.0798568,8464,29440,320,capture,1
4,0.079756,8464,29440,320,capture,1
5,0.0798629,8464,29440,320,capture,1
6,0.0796211,8464,29440,320,capture,1
7,0.0802238,8464,29440,320,capture,1
8,0.0797197,8464,29440,320,capture,1
9,0.0796066,8464,29440,320,capture,1
