index,time,kernel,dimension,blocksize,operation,cudagraph,
0,0.0633575,8464,29440,320,instantiation,1
1,0.0635454,8464,29440,320,instantiation,1
2,0.0634511,8464,29440,320,instantiation,1
3,0.0644559,8464,29440,320,instantiation,1
4,0.0640914,8464,29440,320,instantiation,1
5,0.0637172,8464,29440,320,instantiation,1
6,0.0650424,8464,29440,320,instantiation,1
7,0.0639815,8464,29440,320,instantiation,1
8,0.0646789,8464,29440,320,instantiation,1
9,0.0638672,8464,29440,320,instantiation,1
