index,time,kernel,dimension,blocksize,operation,cudagraph,
0,0.00016983,9,34560,11520,instantiation,1
1,2.3865e-05,9,34560,11520,instantiation,1
2,2.8163e-05,9,34560,11520,instantiation,1
3,0.000175161,9,34560,11520,instantiation,1
4,2.9286e-05,9,34560,11520,instantiation,1
5,2.4747e-05,9,34560,11520,instantiation,1
6,2.4476e-05,9,34560,11520,instantiation,1
7,0.000169029,9,34560,11520,instantiation,1
8,2.7922e-05,9,34560,11520,instantiation,1
9,2.4607e-05,9,34560,11520,instantiation,1
