index,time,kernel,dimension,blocksize,operation,cudagraph,
0,0.0226261,2500,6400,128,instantiation,1
1,0.0224405,2500,6400,128,instantiation,1
2,0.0231502,2500,6400,128,instantiation,1
3,0.0230431,2500,6400,128,instantiation,1
4,0.0238183,2500,6400,128,instantiation,1
5,0.0232258,2500,6400,128,instantiation,1
6,0.0230824,2500,6400,128,instantiation,1
7,0.0229013,2500,6400,128,instantiation,1
8,0.0229906,2500,6400,128,instantiation,1
9,0.0243459,2500,6400,128,instantiation,1
