index,time,kernel,dimension,blocksize,operation,cudagraph,
0,0.0469013,4900,8960,128,instantiation,1
1,0.0468127,4900,8960,128,instantiation,1
2,0.0469879,4900,8960,128,instantiation,1
3,0.0473554,4900,8960,128,instantiation,1
4,0.04706,4900,8960,128,instantiation,1
5,0.0483921,4900,8960,128,instantiation,1
6,0.0479853,4900,8960,128,instantiation,1
7,0.0482172,4900,8960,128,instantiation,1
8,0.0492163,4900,8960,128,instantiation,1
9,0.0489405,4900,8960,128,instantiation,1
