index,time,kernel,dimension,blocksize,operation,cudagraph,
0,0.106516,11664,34560,320,capture,1
1,0.109388,11664,34560,320,capture,1
2,0.108601,11664,34560,320,capture,1
3,0.108373,11664,34560,320,capture,1
4,0.108281,11664,34560,320,capture,1
5,0.108439,11664,34560,320,capture,1
6,0.108109,11664,34560,320,capture,1
7,0.108603,11664,34560,320,capture,1
8,0.108556,11664,34560,320,capture,1
9,0.108746,11664,34560,320,capture,1
