index,time,kernel,dimension,blocksize,operation,cudagraph,
0,0.000262876,4,38400,19200,instantiation,1
1,1.6942e-05,4,38400,19200,instantiation,1
2,1.5419e-05,4,38400,19200,instantiation,1
3,1.5379e-05,4,38400,19200,instantiation,1
4,1.8495e-05,4,38400,19200,instantiation,1
5,1.7092e-05,4,38400,19200,instantiation,1
6,1.614e-05,4,38400,19200,instantiation,1
7,1.5109e-05,4,38400,19200,instantiation,1
8,0.000267985,4,38400,19200,instantiation,1
9,1.4878e-05,4,38400,19200,instantiation,1
