index,time,kernel,dimension,blocksize,operation,cudagraph,
0,0.275553,32400,11520,64,capture,1
1,0.275635,32400,11520,64,capture,1
2,0.273327,32400,11520,64,capture,1
3,0.275227,32400,11520,64,capture,1
4,0.273541,32400,11520,64,capture,1
5,0.277214,32400,11520,64,capture,1
6,0.273085,32400,11520,64,capture,1
7,0.273926,32400,11520,64,capture,1
8,0.277536,32400,11520,64,capture,1
