index,time,kernel,dimension,blocksize,operation
0,0.00153425,400,6400,320,instantiation
1,0.00195617,400,6400,320,instantiation
2,0.00306242,400,6400,320,instantiation
3,0.001988,400,6400,320,instantiation
4,0.00309152,400,6400,320,instantiation
5,0.00196889,400,6400,320,instantiation
6,0.00197091,400,6400,320,instantiation
7,0.00314826,400,6400,320,instantiation
8,0.00197067,400,6400,320,instantiation
9,0.00310407,400,6400,320,instantiation
