index,time,kernel,dimension,blocksize,operation,cudagraph,
0,0.00117757,100,25600,2560,capture,1
1,0.0054516,100,25600,2560,capture,1
2,0.00147149,100,25600,2560,capture,1
3,0.0014317,100,25600,2560,capture,1
4,0.00291093,100,25600,2560,capture,1
5,0.0011713,100,25600,2560,capture,1
6,0.00144431,100,25600,2560,capture,1
7,0.00134292,100,25600,2560,capture,1
8,0.00133427,100,25600,2560,capture,1
9,0.0028412,100,25600,2560,capture,1
