index,time,kernel,dimension,blocksize,operation,cudagraph,
0,0.000612355,100,25600,2560,instantiation,1
1,0.00104374,100,25600,2560,instantiation,1
2,0.00144119,100,25600,2560,instantiation,1
3,0.00103104,100,25600,2560,instantiation,1
4,0.00242129,100,25600,2560,instantiation,1
5,0.00105734,100,25600,2560,instantiation,1
6,0.00103715,100,25600,2560,instantiation,1
7,0.001079,100,25600,2560,instantiation,1
8,0.00289664,100,25600,2560,instantiation,1
9,0.00115349,100,25600,2560,instantiation,1
