index,time,kernel,dimension,blocksize,operation,cudagraph,
0,0.00845789,900,7680,256,capture,1
1,0.0090634,900,7680,256,capture,1
2,0.00916215,900,7680,256,capture,1
3,0.00911969,900,7680,256,capture,1
4,0.00911311,900,7680,256,capture,1
5,0.00914104,900,7680,256,capture,1
6,0.00909964,900,7680,256,capture,1
7,0.00915726,900,7680,256,capture,1
8,0.00909757,900,7680,256,capture,1
9,0.0091545,900,7680,256,capture,1
