index,time,kernel,dimension,blocksize,operation,cudagraph,
0,0.000172906,16,1280,320,capture,1
1,0.000104637,16,1280,320,capture,1
2,0.00010075,16,1280,320,capture,1
3,0.000102293,16,1280,320,capture,1
4,9.9859e-05,16,1280,320,capture,1
5,0.000102464,16,1280,320,capture,1
6,0.000102834,16,1280,320,capture,1
7,0.000101993,16,1280,320,capture,1
8,0.00010078,16,1280,320,capture,1
9,9.9968e-05,16,1280,320,capture,1
