index,time,kernel,dimension,blocksize,operation,cudagraph,
0,0.110403,14400,30720,256,instantiation,1
1,0.11058,14400,30720,256,instantiation,1
2,0.109939,14400,30720,256,instantiation,1
3,0.111047,14400,30720,256,instantiation,1
4,0.111176,14400,30720,256,instantiation,1
5,0.111921,14400,30720,256,instantiation,1
6,0.113002,14400,30720,256,instantiation,1
7,0.113017,14400,30720,256,instantiation,1
8,0.114681,14400,30720,256,instantiation,1
9,0.11377,14400,30720,256,instantiation,1
