index,time,kernel,dimension,blocksize,operation
0,0.188378,22500,19200,128,capture
1,0.187105,22500,19200,128,capture
2,0.189457,22500,19200,128,capture
3,0.185605,22500,19200,128,capture
4,0.189144,22500,19200,128,capture
5,0.189402,22500,19200,128,capture
6,0.187486,22500,19200,128,capture
7,0.185991,22500,19200,128,capture
8,0.185851,22500,19200,128,capture
9,0.190129,22500,19200,128,capture
