index,time,kernel,dimension,blocksize,operation
0,0.243549,22500,19200,128,instantiation
1,0.243524,22500,19200,128,instantiation
2,0.250194,22500,19200,128,instantiation
3,0.252952,22500,19200,128,instantiation
4,0.259615,22500,19200,128,instantiation
5,0.269102,22500,19200,128,instantiation
6,0.274804,22500,19200,128,instantiation
7,0.286986,22500,19200,128,instantiation
8,0.298707,22500,19200,128,instantiation
9,0.330527,22500,19200,128,instantiation
