index,time,kernel,dimension,blocksize,operation,cudagraph,
0,0.0752625,8100,23040,256,capture,1
1,0.0751554,8100,23040,256,capture,1
2,0.0750771,8100,23040,256,capture,1
3,0.0752638,8100,23040,256,capture,1
4,0.0751383,8100,23040,256,capture,1
5,0.0753435,8100,23040,256,capture,1
6,0.0749428,8100,23040,256,capture,1
7,0.075495,8100,23040,256,capture,1
8,0.0752979,8100,23040,256,capture,1
9,0.0753986,8100,23040,256,capture,1
