index,time,kernel,dimension,blocksize,operation,cudagraph,
0,0.00125609,100,38400,3840,capture,1
1,0.0012097,100,38400,3840,capture,1
2,0.00121229,100,38400,3840,capture,1
3,0.00121454,100,38400,3840,capture,1
4,0.00119267,100,38400,3840,capture,1
5,0.00135826,100,38400,3840,capture,1
6,0.001294,100,38400,3840,capture,1
7,0.00136089,100,38400,3840,capture,1
8,0.00134264,100,38400,3840,capture,1
9,0.00133197,100,38400,3840,capture,1
