index,time,kernel,dimension,blocksize,operation,cudagraph,
0,0.17343,18225,34560,256,capture,1
1,0.174237,18225,34560,256,capture,1
2,0.173972,18225,34560,256,capture,1
3,0.173445,18225,34560,256,capture,1
4,0.174042,18225,34560,256,capture,1
5,0.174005,18225,34560,256,capture,1
6,0.173193,18225,34560,256,capture,1
7,0.173906,18225,34560,256,capture,1
8,0.174102,18225,34560,256,capture,1
9,0.174407,18225,34560,256,capture,1
