index,time,kernel,dimension,blocksize,operation,cudagraph,
0,0.145436,18225,34560,256,instantiation,1
1,0.146757,18225,34560,256,instantiation,1
2,0.146123,18225,34560,256,instantiation,1
3,0.146713,18225,34560,256,instantiation,1
4,0.147401,18225,34560,256,instantiation,1
5,0.147092,18225,34560,256,instantiation,1
6,0.148633,18225,34560,256,instantiation,1
7,0.149118,18225,34560,256,instantiation,1
8,0.150037,18225,34560,256,instantiation,1
9,0.15058,18225,34560,256,instantiation,1
