index,time,kernel,dimension,blocksize,operation
0,0.102422,11025,26880,256,capture
1,0.105054,11025,26880,256,capture
2,0.104431,11025,26880,256,capture
3,0.104052,11025,26880,256,capture
4,0.103955,11025,26880,256,capture
5,0.10376,11025,26880,256,capture
6,0.104704,11025,26880,256,capture
7,0.104494,11025,26880,256,capture
8,0.104225,11025,26880,256,capture
9,0.104169,11025,26880,256,capture
