index,time,kernel,dimension,blocksize,operation
0,0.0820376,11025,26880,256,instantiation
1,0.0838971,11025,26880,256,instantiation
2,0.0842328,11025,26880,256,instantiation
3,0.0843004,11025,26880,256,instantiation
4,0.0836691,11025,26880,256,instantiation
5,0.0847642,11025,26880,256,instantiation
6,0.085644,11025,26880,256,instantiation
7,0.0856988,11025,26880,256,instantiation
8,0.085432,11025,26880,256,instantiation
9,0.0854989,11025,26880,256,instantiation
