index,time,kernel,dimension,blocksize,operation,cudagraph,
0,0.149441,14400,15360,128,instantiation,1
1,0.154166,14400,15360,128,instantiation,1
2,0.153385,14400,15360,128,instantiation,1
3,0.15423,14400,15360,128,instantiation,1
4,0.157237,14400,15360,128,instantiation,1
5,0.158075,14400,15360,128,instantiation,1
6,0.161022,14400,15360,128,instantiation,1
7,0.163565,14400,15360,128,instantiation,1
8,0.167853,14400,15360,128,instantiation,1
9,0.170754,14400,15360,128,instantiation,1
