index,time,kernel,dimension,blocksize,operation,cudagraph,
0,0.00208006,225,19200,1280,capture,1
1,0.00203553,225,19200,1280,capture,1
2,0.00206609,225,19200,1280,capture,1
3,0.00203135,225,19200,1280,capture,1
4,0.00199252,225,19200,1280,capture,1
5,0.00204621,225,19200,1280,capture,1
6,0.00200297,225,19200,1280,capture,1
7,0.00204879,225,19200,1280,capture,1
8,0.00205828,225,19200,1280,capture,1
9,0.00203301,225,19200,1280,capture,1
