index,time,kernel,dimension,blocksize,operation
0,0.00249829,256,5120,320,capture
1,0.00250351,256,5120,320,capture
2,0.00249526,256,5120,320,capture
3,0.00266816,256,5120,320,capture
4,0.00266099,256,5120,320,capture
5,0.00264241,256,5120,320,capture
6,0.00266789,256,5120,320,capture
7,0.00273873,256,5120,320,capture
8,0.00268378,256,5120,320,capture
9,0.00266008,256,5120,320,capture
