index,time,kernel,dimension,blocksize,operation,cudagraph,
0,0.277073,32400,23040,128,capture,1
1,0.273833,32400,23040,128,capture,1
2,0.273885,32400,23040,128,capture,1
3,0.273366,32400,23040,128,capture,1
4,0.275136,32400,23040,128,capture,1
5,0.274414,32400,23040,128,capture,1
6,0.273739,32400,23040,128,capture,1
