index,time,kernel,dimension,blocksize,operation,cudagraph,
0,0.0312534,3600,19200,320,capture,1
1,0.0332128,3600,19200,320,capture,1
2,0.0331363,3600,19200,320,capture,1
3,0.0332326,3600,19200,320,capture,1
4,0.0331918,3600,19200,320,capture,1
5,0.0331381,3600,19200,320,capture,1
6,0.0331161,3600,19200,320,capture,1
7,0.0334045,3600,19200,320,capture,1
8,0.0332728,3600,19200,320,capture,1
9,0.0333722,3600,19200,320,capture,1
