index,time,kernel,dimension,blocksize,operation,cudagraph,
0,0.00290718,841,37120,1280,instantiation,1
1,0.00558293,841,37120,1280,instantiation,1
2,0.00573825,841,37120,1280,instantiation,1
3,0.00559435,841,37120,1280,instantiation,1
4,0.00562243,841,37120,1280,instantiation,1
5,0.00554019,841,37120,1280,instantiation,1
6,0.00433388,841,37120,1280,instantiation,1
7,0.00581276,841,37120,1280,instantiation,1
8,0.00559965,841,37120,1280,instantiation,1
9,0.005626,841,37120,1280,instantiation,1
