index,time,kernel,dimension,blocksize,operation,cudagraph,
0,0.00800141,1024,40960,1280,capture,1
1,0.00867029,1024,40960,1280,capture,1
2,0.00886033,1024,40960,1280,capture,1
3,0.00871754,1024,40960,1280,capture,1
4,0.00867503,1024,40960,1280,capture,1
5,0.00881507,1024,40960,1280,capture,1
6,0.00864057,1024,40960,1280,capture,1
7,0.00874027,1024,40960,1280,capture,1
8,0.00859629,1024,40960,1280,capture,1
9,0.00872493,1024,40960,1280,capture,1
