index,time,kernel,dimension,blocksize,operation,cudagraph,
0,0.0316043,4624,21760,320,instantiation,1
1,0.032591,4624,21760,320,instantiation,1
2,0.0318447,4624,21760,320,instantiation,1
3,0.0329432,4624,21760,320,instantiation,1
4,0.0321666,4624,21760,320,instantiation,1
5,0.033058,4624,21760,320,instantiation,1
6,0.0326493,4624,21760,320,instantiation,1
7,0.0331572,4624,21760,320,instantiation,1
8,0.0324476,4624,21760,320,instantiation,1
9,0.0331348,4624,21760,320,instantiation,1
