index,time,kernel,dimension,blocksize,operation,cudagraph,
0,0.0536611,7225,21760,256,instantiation,1
1,0.0528839,7225,21760,256,instantiation,1
2,0.0522412,7225,21760,256,instantiation,1
3,0.053234,7225,21760,256,instantiation,1
4,0.0531923,7225,21760,256,instantiation,1
5,0.0529493,7225,21760,256,instantiation,1
6,0.0531883,7225,21760,256,instantiation,1
7,0.053045,7225,21760,256,instantiation,1
8,0.0529967,7225,21760,256,instantiation,1
9,0.0537651,7225,21760,256,instantiation,1
