index,time,kernel,dimension,blocksize,operation,cudagraph,
0,0.000229563,25,6400,1280,capture,1
1,0.00015864,25,6400,1280,capture,1
2,0.000161294,25,6400,1280,capture,1
3,0.000157207,25,6400,1280,capture,1
4,0.000155053,25,6400,1280,capture,1
5,0.000160613,25,6400,1280,capture,1
6,0.000158799,25,6400,1280,capture,1
7,0.000154592,25,6400,1280,capture,1
8,0.000158169,25,6400,1280,capture,1
9,0.000161214,25,6400,1280,capture,1
