index,time,kernel,dimension,blocksize,operation,cudagraph,
0,0.000203935,25,6400,1280,instantiation,1
1,0.000188847,25,6400,1280,instantiation,1
2,0.000186281,25,6400,1280,instantiation,1
3,0.000186892,25,6400,1280,instantiation,1
4,4.8471e-05,25,6400,1280,instantiation,1
5,0.000228541,25,6400,1280,instantiation,1
6,0.00018529,25,6400,1280,instantiation,1
7,0.000192743,25,6400,1280,instantiation,1
8,0.000191642,25,6400,1280,instantiation,1
9,5.3992e-05,25,6400,1280,instantiation,1
