index,time,kernel,dimension,blocksize,operation,cudagraph,
0,0.0117389,1936,28160,640,instantiation,1
1,0.0125703,1936,28160,640,instantiation,1
2,0.0125149,1936,28160,640,instantiation,1
3,0.0126493,1936,28160,640,instantiation,1
4,0.0126058,1936,28160,640,instantiation,1
5,0.01255,1936,28160,640,instantiation,1
6,0.0126041,1936,28160,640,instantiation,1
7,0.0128368,1936,28160,640,instantiation,1
8,0.0129297,1936,28160,640,instantiation,1
9,0.0128769,1936,28160,640,instantiation,1
