index,time,kernel,dimension,blocksize,operation,cudagraph,
0,0.209608,19600,8960,64,instantiation,1
1,0.21172,19600,8960,64,instantiation,1
2,0.214392,19600,8960,64,instantiation,1
3,0.213992,19600,8960,64,instantiation,1
4,0.221561,19600,8960,64,instantiation,1
5,0.225779,19600,8960,64,instantiation,1
6,0.234508,19600,8960,64,instantiation,1
7,0.237446,19600,8960,64,instantiation,1
8,0.250238,19600,8960,64,instantiation,1
9,0.262494,19600,8960,64,instantiation,1
