index,time,kernel,dimension,blocksize,operation,cudagraph,
0,0.00619189,1024,20480,640,instantiation,1
1,0.00646765,1024,20480,640,instantiation,1
2,0.0066463,1024,20480,640,instantiation,1
3,0.00649392,1024,20480,640,instantiation,1
4,0.00648509,1024,20480,640,instantiation,1
5,0.00646915,1024,20480,640,instantiation,1
6,0.00659721,1024,20480,640,instantiation,1
7,0.00651148,1024,20480,640,instantiation,1
8,0.00649987,1024,20480,640,instantiation,1
9,0.00656493,1024,20480,640,instantiation,1
