index,time,kernel,dimension,blocksize,operation,cudagraph,
0,0.00252907,676,16640,640,instantiation,1
1,0.00470237,676,16640,640,instantiation,1
2,0.00463621,676,16640,640,instantiation,1
3,0.00337231,676,16640,640,instantiation,1
4,0.00474268,676,16640,640,instantiation,1
5,0.00468876,676,16640,640,instantiation,1
6,0.00334868,676,16640,640,instantiation,1
7,0.0048193,676,16640,640,instantiation,1
8,0.00476961,676,16640,640,instantiation,1
9,0.00332575,676,16640,640,instantiation,1
