index,time,kernel,dimension,blocksize,operation,cudagraph,
0,0.111567,12100,28160,256,capture,1
1,0.113766,12100,28160,256,capture,1
2,0.113706,12100,28160,256,capture,1
3,0.114544,12100,28160,256,capture,1
4,0.113642,12100,28160,256,capture,1
5,0.113578,12100,28160,256,capture,1
6,0.113632,12100,28160,256,capture,1
7,0.113609,12100,28160,256,capture,1
8,0.113229,12100,28160,256,capture,1
9,0.114011,12100,28160,256,capture,1
