index,time,kernel,dimension,blocksize,operation,cudagraph,
0,0.000308983,64,20480,2560,capture,1
1,0.000245143,64,20480,2560,capture,1
2,0.000242658,64,20480,2560,capture,1
3,0.000258497,64,20480,2560,capture,1
4,0.000241416,64,20480,2560,capture,1
5,0.000242237,64,20480,2560,capture,1
6,0.000240053,64,20480,2560,capture,1
7,0.00023871,64,20480,2560,capture,1
8,0.00027548,64,20480,2560,capture,1
9,0.000286711,64,20480,2560,capture,1
