index,time,kernel,dimension,blocksize,operation
0,0.0651207,8100,11520,128,capture
1,0.0664953,8100,11520,128,capture
2,0.0664757,8100,11520,128,capture
3,0.0664178,8100,11520,128,capture
4,0.0665649,8100,11520,128,capture
5,0.0663078,8100,11520,128,capture
6,0.0664253,8100,11520,128,capture
7,0.0664636,8100,11520,128,capture
8,0.0666138,8100,11520,128,capture
9,0.0666473,8100,11520,128,capture
