index,time,kernel,dimension,blocksize,operation,cudagraph,
0,0.162009,19600,17920,128,capture,1
1,0.164674,19600,17920,128,capture,1
2,0.163601,19600,17920,128,capture,1
3,0.165323,19600,17920,128,capture,1
4,0.163139,19600,17920,128,capture,1
5,0.163615,19600,17920,128,capture,1
6,0.163394,19600,17920,128,capture,1
7,0.16604,19600,17920,128,capture,1
8,0.163631,19600,17920,128,capture,1
9,0.16639,19600,17920,128,capture,1
