index,time,kernel,dimension,blocksize,operation,cudagraph,
0,0.208359,19600,17920,128,instantiation,1
1,0.214293,19600,17920,128,instantiation,1
2,0.213873,19600,17920,128,instantiation,1
3,0.218721,19600,17920,128,instantiation,1
4,0.221653,19600,17920,128,instantiation,1
5,0.225869,19600,17920,128,instantiation,1
6,0.231907,19600,17920,128,instantiation,1
7,0.240789,19600,17920,128,instantiation,1
8,0.251077,19600,17920,128,instantiation,1
9,0.260392,19600,17920,128,instantiation,1
