index,time,kernel,dimension,blocksize,operation,cudagraph,
0,0.00301263,400,2560,128,capture,1
1,0.00330001,400,2560,128,capture,1
2,0.00336318,400,2560,128,capture,1
3,0.00335584,400,2560,128,capture,1
4,0.00335674,400,2560,128,capture,1
5,0.0033693,400,2560,128,capture,1
6,0.0033395,400,2560,128,capture,1
7,0.00335779,400,2560,128,capture,1
8,0.00337548,400,2560,128,capture,1
9,0.00335828,400,2560,128,capture,1
