index,time,kernel,dimension,blocksize,operation,cudagraph,
0,0.00200713,400,2560,128,instantiation,1
1,0.00365775,400,2560,128,instantiation,1
2,0.00844445,400,2560,128,instantiation,1
3,0.00349389,400,2560,128,instantiation,1
4,0.00350541,400,2560,128,instantiation,1
5,0.00349028,400,2560,128,instantiation,1
6,0.00249665,400,2560,128,instantiation,1
7,0.00366117,400,2560,128,instantiation,1
8,0.00356843,400,2560,128,instantiation,1
9,0.00356648,400,2560,128,instantiation,1
