index,time,kernel,dimension,blocksize,operation,cudagraph,
0,0.0152418,2116,29440,640,capture,1
1,0.0170977,2116,29440,640,capture,1
2,0.0170719,2116,29440,640,capture,1
3,0.0171042,2116,29440,640,capture,1
4,0.0171208,2116,29440,640,capture,1
5,0.0170812,2116,29440,640,capture,1
6,0.0170178,2116,29440,640,capture,1
7,0.017107,2116,29440,640,capture,1
8,0.0170711,2116,29440,640,capture,1
9,0.0171443,2116,29440,640,capture,1
