index,time,kernel,dimension,blocksize,operation
0,0.0828365,10000,12800,128,capture
1,0.0833077,10000,12800,128,capture
2,0.0833241,10000,12800,128,capture
3,0.0835122,10000,12800,128,capture
4,0.0836107,10000,12800,128,capture
5,0.0831921,10000,12800,128,capture
6,0.0834232,10000,12800,128,capture
7,0.0835324,10000,12800,128,capture
8,0.0839002,10000,12800,128,capture
9,0.0835226,10000,12800,128,capture
