index,time,kernel,dimension,blocksize,operation,cudagraph,
0,0.0115493,1600,5120,128,capture,1
1,0.0130246,1600,5120,128,capture,1
2,0.0129718,1600,5120,128,capture,1
3,0.0129904,1600,5120,128,capture,1
4,0.0129731,1600,5120,128,capture,1
5,0.0129736,1600,5120,128,capture,1
6,0.0128064,1600,5120,128,capture,1
7,0.0129732,1600,5120,128,capture,1
8,0.0129607,1600,5120,128,capture,1
9,0.0130223,1600,5120,128,capture,1
