index,time,kernel,dimension,blocksize,operation,cudagraph,
0,0.000172585,16,5120,1280,capture,1
1,0.000104497,16,5120,1280,capture,1
2,0.000102654,16,5120,1280,capture,1
3,0.000102353,16,5120,1280,capture,1
4,0.000101912,16,5120,1280,capture,1
5,0.000109998,16,5120,1280,capture,1
6,0.000104126,16,5120,1280,capture,1
7,0.00010574,16,5120,1280,capture,1
8,0.000102273,16,5120,1280,capture,1
9,0.000104878,16,5120,1280,capture,1
