index,time,kernel,dimension,blocksize,operation,cudagraph,
0,0.000239562,36,30720,5120,capture,1
1,0.000167215,36,30720,5120,capture,1
2,0.000166845,36,30720,5120,capture,1
3,0.000168638,36,30720,5120,capture,1
4,0.000170472,36,30720,5120,capture,1
5,0.000168748,36,30720,5120,capture,1
6,0.000168348,36,30720,5120,capture,1
7,0.000166514,36,30720,5120,capture,1
8,0.000165903,36,30720,5120,capture,1
9,0.000167175,36,30720,5120,capture,1
