index,time,kernel,dimension,blocksize,operation
0,0.00150964,144,3840,320,capture
1,0.00146021,144,3840,320,capture
2,0.00146856,144,3840,320,capture
3,0.00146823,144,3840,320,capture
4,0.0014737,144,3840,320,capture
5,0.00144346,144,3840,320,capture
6,0.00156001,144,3840,320,capture
7,0.00156713,144,3840,320,capture
8,0.00158215,144,3840,320,capture
9,0.00156556,144,3840,320,capture
