index,time,kernel,dimension,blocksize,operation
0,0.00948889,1024,10240,320,capture
1,0.0099257,1024,10240,320,capture
2,0.0099517,1024,10240,320,capture
3,0.00992745,1024,10240,320,capture
4,0.00993047,1024,10240,320,capture
5,0.00991182,1024,10240,320,capture
6,0.00997629,1024,10240,320,capture
7,0.00993254,1024,10240,320,capture
8,0.00992194,1024,10240,320,capture
9,0.0099406,1024,10240,320,capture
