index,time,kernel,dimension,blocksize,operation
0,0.028612,3025,14080,256,capture
1,0.0291111,3025,14080,256,capture
2,0.0289516,3025,14080,256,capture
3,0.0290114,3025,14080,256,capture
4,0.0291087,3025,14080,256,capture
5,0.0290352,3025,14080,256,capture
6,0.0289529,3025,14080,256,capture
7,0.0290198,3025,14080,256,capture
8,0.0290709,3025,14080,256,capture
9,0.0290388,3025,14080,256,capture
