index,time,kernel,dimension,blocksize,operation,cudagraph,
0,0.0128971,2116,29440,640,instantiation,1
1,0.0139919,2116,29440,640,instantiation,1
2,0.0140996,2116,29440,640,instantiation,1
3,0.0141344,2116,29440,640,instantiation,1
4,0.0138686,2116,29440,640,instantiation,1
5,0.0140876,2116,29440,640,instantiation,1
6,0.0140712,2116,29440,640,instantiation,1
7,0.0142284,2116,29440,640,instantiation,1
8,0.014041,2116,29440,640,instantiation,1
9,0.0141997,2116,29440,640,instantiation,1
