index,time,kernel,dimension,blocksize,operation,cudagraph,
0,0.000210066,16,1280,320,instantiation,1
1,3.2471e-05,16,1280,320,instantiation,1
2,0.00015374,16,1280,320,instantiation,1
3,3.209e-05,16,1280,320,instantiation,1
4,0.000161444,16,1280,320,instantiation,1
5,3.161e-05,16,1280,320,instantiation,1
6,0.000147559,16,1280,320,instantiation,1
7,3.2612e-05,16,1280,320,instantiation,1
8,0.000155072,16,1280,320,instantiation,1
9,2.8274e-05,16,1280,320,instantiation,1
