index,time,kernel,dimension,blocksize,operation,cudagraph,
0,0.000187384,25,19200,3840,instantiation,1
1,0.000182364,25,19200,3840,instantiation,1
2,0.000183907,25,19200,3840,instantiation,1
3,0.000183667,25,19200,3840,instantiation,1
4,7.4931e-05,25,19200,3840,instantiation,1
5,0.00024899,25,19200,3840,instantiation,1
6,0.000208744,25,19200,3840,instantiation,1
7,0.000228902,25,19200,3840,instantiation,1
8,0.00027565,25,19200,3840,instantiation,1
9,9.5601e-05,25,19200,3840,instantiation,1
