index,time,kernel,dimension,blocksize,operation,cudagraph,
0,0.000152207,4,20480,10240,instantiation,1
1,1.5509e-05,4,20480,10240,instantiation,1
2,1.4558e-05,4,20480,10240,instantiation,1
3,1.6491e-05,4,20480,10240,instantiation,1
4,1.8384e-05,4,20480,10240,instantiation,1
5,1.4397e-05,4,20480,10240,instantiation,1
6,1.5449e-05,4,20480,10240,instantiation,1
7,1.3866e-05,4,20480,10240,instantiation,1
8,0.000157227,4,20480,10240,instantiation,1
9,1.4107e-05,4,20480,10240,instantiation,1
