index,time,kernel,dimension,blocksize,operation,cudagraph,
0,0.000367774,81,23040,2560,capture,1
1,0.00029714,81,23040,2560,capture,1
2,0.000298442,81,23040,2560,capture,1
3,0.000292983,81,23040,2560,capture,1
4,0.000322388,81,23040,2560,capture,1
5,0.000354568,81,23040,2560,capture,1
6,0.000354017,81,23040,2560,capture,1
7,0.000341845,81,23040,2560,capture,1
8,0.000337487,81,23040,2560,capture,1
9,0.000363937,81,23040,2560,capture,1
