index,time,kernel,dimension,blocksize,operation
0,0.0281633,3600,38400,640,capture
1,0.0290316,3600,38400,640,capture
2,0.0289839,3600,38400,640,capture
3,0.0289613,3600,38400,640,capture
4,0.0289393,3600,38400,640,capture
5,0.0288333,3600,38400,640,capture
6,0.028913,3600,38400,640,capture
7,0.0291698,3600,38400,640,capture
8,0.0291439,3600,38400,640,capture
9,0.0289849,3600,38400,640,capture
