index,time,kernel,dimension,blocksize,operation,cudagraph,
0,0.0927731,10000,32000,320,capture,1
1,0.0948736,10000,32000,320,capture,1
2,0.0945941,10000,32000,320,capture,1
3,0.094557,10000,32000,320,capture,1
4,0.0947278,10000,32000,320,capture,1
5,0.094902,10000,32000,320,capture,1
6,0.0942895,10000,32000,320,capture,1
7,0.0950455,10000,32000,320,capture,1
8,0.0947058,10000,32000,320,capture,1
9,0.0949857,10000,32000,320,capture,1
