index,time,kernel,dimension,blocksize,operation,cudagraph,
0,0.0742473,10000,32000,320,instantiation,1
1,0.0748503,10000,32000,320,instantiation,1
2,0.075342,10000,32000,320,instantiation,1
3,0.0747926,10000,32000,320,instantiation,1
4,0.0747829,10000,32000,320,instantiation,1
5,0.0757685,10000,32000,320,instantiation,1
6,0.074933,10000,32000,320,instantiation,1
7,0.0772077,10000,32000,320,instantiation,1
8,0.0781202,10000,32000,320,instantiation,1
9,0.0767113,10000,32000,320,instantiation,1
