index,time,kernel,dimension,blocksize,operation,cudagraph,
0,0.0832499,9025,24320,256,capture,1
1,0.0845781,9025,24320,256,capture,1
2,0.0844472,9025,24320,256,capture,1
3,0.0846562,9025,24320,256,capture,1
4,0.0848866,9025,24320,256,capture,1
5,0.084989,9025,24320,256,capture,1
6,0.0846307,9025,24320,256,capture,1
7,0.0848578,9025,24320,256,capture,1
8,0.0850659,9025,24320,256,capture,1
9,0.0847541,9025,24320,256,capture,1
