index,time,kernel,dimension,blocksize,operation,cudagraph,
0,0.0668227,9025,24320,256,instantiation,1
1,0.0670414,9025,24320,256,instantiation,1
2,0.0674995,9025,24320,256,instantiation,1
3,0.0680266,9025,24320,256,instantiation,1
4,0.0682362,9025,24320,256,instantiation,1
5,0.0685495,9025,24320,256,instantiation,1
6,0.0671568,9025,24320,256,instantiation,1
7,0.068716,9025,24320,256,instantiation,1
8,0.0688809,9025,24320,256,instantiation,1
9,0.0684936,9025,24320,256,instantiation,1
