index,time,kernel,dimension,blocksize,operation,cudagraph,
0,0.000755655,144,30720,2560,capture,1
1,0.000689471,144,30720,2560,capture,1
2,0.00070508,144,30720,2560,capture,1
3,0.000708324,144,30720,2560,capture,1
4,0.000700389,144,30720,2560,capture,1
5,0.000694418,144,30720,2560,capture,1
6,0.000803454,144,30720,2560,capture,1
7,0.000793595,144,30720,2560,capture,1
8,0.000782605,144,30720,2560,capture,1
9,0.000794538,144,30720,2560,capture,1
