index,time,kernel,dimension,blocksize,operation,cudagraph,
0,0.0339927,4900,17920,256,instantiation,1
1,0.0343812,4900,17920,256,instantiation,1
2,0.0348815,4900,17920,256,instantiation,1
3,0.0348761,4900,17920,256,instantiation,1
4,0.0348513,4900,17920,256,instantiation,1
5,0.0344508,4900,17920,256,instantiation,1
6,0.035211,4900,17920,256,instantiation,1
7,0.0352428,4900,17920,256,instantiation,1
8,0.0353365,4900,17920,256,instantiation,1
9,0.0355037,4900,17920,256,instantiation,1
