index,time,kernel,dimension,blocksize,operation,cudagraph,
0,0.00928013,1600,25600,640,instantiation,1
1,0.0106846,1600,25600,640,instantiation,1
2,0.0096691,1600,25600,640,instantiation,1
3,0.0106465,1600,25600,640,instantiation,1
4,0.00980583,1600,25600,640,instantiation,1
5,0.0106804,1600,25600,640,instantiation,1
6,0.0106661,1600,25600,640,instantiation,1
7,0.00984074,1600,25600,640,instantiation,1
8,0.0109296,1600,25600,640,instantiation,1
9,0.00979238,1600,25600,640,instantiation,1
