index,time,kernel,dimension,blocksize,operation,cudagraph,
0,0.00204512,256,20480,1280,capture,1
1,0.00199275,256,20480,1280,capture,1
2,0.00197062,256,20480,1280,capture,1
3,0.00219728,256,20480,1280,capture,1
4,0.00221615,256,20480,1280,capture,1
5,0.00224931,256,20480,1280,capture,1
6,0.00217069,256,20480,1280,capture,1
7,0.00224422,256,20480,1280,capture,1
8,0.00220471,256,20480,1280,capture,1
9,0.00229796,256,20480,1280,capture,1
