index,time,kernel,dimension,blocksize,operation,cudagraph,
0,0.00097504,100,12800,1280,capture,1
1,0.000986802,100,12800,1280,capture,1
2,0.00097557,100,12800,1280,capture,1
3,0.000972375,100,12800,1280,capture,1
4,0.00097001,100,12800,1280,capture,1
5,0.000960112,100,12800,1280,capture,1
6,0.00102062,100,12800,1280,capture,1
7,0.00103949,100,12800,1280,capture,1
8,0.00104076,100,12800,1280,capture,1
9,0.00104537,100,12800,1280,capture,1
