index,time,kernel,dimension,blocksize,operation
0,0.0374723,4096,20480,320,capture
1,0.0380999,4096,20480,320,capture
2,0.0388394,4096,20480,320,capture
3,0.038536,4096,20480,320,capture
4,0.039016,4096,20480,320,capture
5,0.0385785,4096,20480,320,capture
6,0.0389912,4096,20480,320,capture
7,0.0390546,4096,20480,320,capture
8,0.0390138,4096,20480,320,capture
9,0.0391502,4096,20480,320,capture
