index,time,kernel,dimension,blocksize,operation,cudagraph,
0,0.00679624,900,19200,640,capture,1
1,0.00744048,900,19200,640,capture,1
2,0.00746176,900,19200,640,capture,1
3,0.00743739,900,19200,640,capture,1
4,0.00742405,900,19200,640,capture,1
5,0.00743767,900,19200,640,capture,1
6,0.00758878,900,19200,640,capture,1
7,0.0074278,900,19200,640,capture,1
8,0.00765411,900,19200,640,capture,1
9,0.00757882,900,19200,640,capture,1
