index,time,kernel,dimension,blocksize,operation,cudagraph,
0,0.00414454,900,19200,640,instantiation,1
1,0.00579044,900,19200,640,instantiation,1
2,0.00578624,900,19200,640,instantiation,1
3,0.00581587,900,19200,640,instantiation,1
4,0.00574722,900,19200,640,instantiation,1
5,0.00578291,900,19200,640,instantiation,1
6,0.00582299,900,19200,640,instantiation,1
7,0.00591188,900,19200,640,instantiation,1
8,0.00592871,900,19200,640,instantiation,1
9,0.00442359,900,19200,640,instantiation,1
