index,time,kernel,dimension,blocksize,operation,cudagraph,
0,0.0201485,3025,14080,256,instantiation,1
1,0.0192502,3025,14080,256,instantiation,1
2,0.0189256,3025,14080,256,instantiation,1
3,0.0201485,3025,14080,256,instantiation,1
4,0.0200371,3025,14080,256,instantiation,1
5,0.0199639,3025,14080,256,instantiation,1
6,0.0202469,3025,14080,256,instantiation,1
7,0.0201108,3025,14080,256,instantiation,1
8,0.0208331,3025,14080,256,instantiation,1
9,0.0204849,3025,14080,256,instantiation,1
