index,time,kernel,dimension,blocksize,operation,cudagraph,
0,0.00704518,900,38400,1280,capture,1
1,0.00761654,900,38400,1280,capture,1
2,0.00765828,900,38400,1280,capture,1
3,0.00765831,900,38400,1280,capture,1
4,0.00766131,900,38400,1280,capture,1
5,0.00769942,900,38400,1280,capture,1
6,0.00751767,900,38400,1280,capture,1
7,0.00767373,900,38400,1280,capture,1
8,0.00765285,900,38400,1280,capture,1
9,0.00767624,900,38400,1280,capture,1
