index,time,kernel,dimension,blocksize,operation,cudagraph,
0,0.00372879,900,38400,1280,instantiation,1
1,0.00625092,900,38400,1280,instantiation,1
2,0.00620401,900,38400,1280,instantiation,1
3,0.00620075,900,38400,1280,instantiation,1
4,0.0063327,900,38400,1280,instantiation,1
5,0.00622354,900,38400,1280,instantiation,1
6,0.00629543,900,38400,1280,instantiation,1
7,0.00622755,900,38400,1280,instantiation,1
8,0.00622929,900,38400,1280,instantiation,1
9,0.00454321,900,38400,1280,instantiation,1
