index,time,kernel,dimension,blocksize,operation,cudagraph,
0,0.0136796,1764,26880,640,capture,1
1,0.0142277,1764,26880,640,capture,1
2,0.0143254,1764,26880,640,capture,1
3,0.0143804,1764,26880,640,capture,1
4,0.0143726,1764,26880,640,capture,1
5,0.0142643,1764,26880,640,capture,1
6,0.0141895,1764,26880,640,capture,1
7,0.0141994,1764,26880,640,capture,1
8,0.0142217,1764,26880,640,capture,1
9,0.0142293,1764,26880,640,capture,1
