index,time,kernel,dimension,blocksize,operation,cudagraph,
0,0.0110587,1936,28160,640,instantiation,1
1,0.0121917,1936,28160,640,instantiation,1
2,0.012578,1936,28160,640,instantiation,1
3,0.0124902,1936,28160,640,instantiation,1
4,0.0125673,1936,28160,640,instantiation,1
5,0.0127652,1936,28160,640,instantiation,1
6,0.0125385,1936,28160,640,instantiation,1
7,0.0127087,1936,28160,640,instantiation,1
8,0.0128672,1936,28160,640,instantiation,1
9,0.0126464,1936,28160,640,instantiation,1
