index,time,kernel,dimension,blocksize,operation,cudagraph,
0,0.00190895,400,1280,64,instantiation,1
1,0.00333283,400,1280,64,instantiation,1
2,0.00352457,400,1280,64,instantiation,1
3,0.00348497,400,1280,64,instantiation,1
4,0.00351485,400,1280,64,instantiation,1
5,0.00350565,400,1280,64,instantiation,1
6,0.00251758,400,1280,64,instantiation,1
7,0.00367893,400,1280,64,instantiation,1
8,0.00356627,400,1280,64,instantiation,1
9,0.00356862,400,1280,64,instantiation,1
