index,time,kernel,dimension,blocksize,operation,cudagraph,
0,0.000421766,100,6400,640,instantiation,1
1,0.000415574,100,6400,640,instantiation,1
2,0.000428068,100,6400,640,instantiation,1
3,0.000403902,100,6400,640,instantiation,1
4,0.000406186,100,6400,640,instantiation,1
5,0.000417657,100,6400,640,instantiation,1
6,0.000430201,100,6400,640,instantiation,1
7,0.000456271,100,6400,640,instantiation,1
8,0.00168845,100,6400,640,instantiation,1
9,0.000626913,100,6400,640,instantiation,1
