index,time,kernel,dimension,blocksize,operation,cudagraph,
0,0.000178046,25,12800,2560,capture,1
1,0.000103957,25,12800,2560,capture,1
2,0.000102133,25,12800,2560,capture,1
3,0.00010066,25,12800,2560,capture,1
4,0.000101151,25,12800,2560,capture,1
5,9.9889e-05,25,12800,2560,capture,1
6,0.000102043,25,12800,2560,capture,1
7,0.000100149,25,12800,2560,capture,1
8,9.9478e-05,25,12800,2560,capture,1
9,9.9177e-05,25,12800,2560,capture,1
