index,time,kernel,dimension,blocksize,operation,cudagraph,
0,0.000234853,36,15360,2560,instantiation,1
1,0.000287282,36,15360,2560,instantiation,1
2,0.000306939,36,15360,2560,instantiation,1
3,0.000305807,36,15360,2560,instantiation,1
4,0.000315525,36,15360,2560,instantiation,1
5,0.00030243,36,15360,2560,instantiation,1
6,0.000304425,36,15360,2560,instantiation,1
7,0.000342166,36,15360,2560,instantiation,1
8,0.000297531,36,15360,2560,instantiation,1
9,0.000321216,36,15360,2560,instantiation,1
