index,time,kernel,dimension,blocksize,operation,cudagraph,
0,0.00528391,676,33280,1280,capture,1
1,0.0055423,676,33280,1280,capture,1
2,0.00561343,676,33280,1280,capture,1
3,0.00561836,676,33280,1280,capture,1
4,0.00556151,676,33280,1280,capture,1
5,0.00557278,676,33280,1280,capture,1
6,0.0055968,676,33280,1280,capture,1
7,0.00554632,676,33280,1280,capture,1
8,0.00561841,676,33280,1280,capture,1
9,0.00555084,676,33280,1280,capture,1
