index,time,kernel,dimension,blocksize,operation,cudagraph,
0,0.00345401,676,33280,1280,instantiation,1
1,0.00468777,676,33280,1280,instantiation,1
2,0.00451684,676,33280,1280,instantiation,1
3,0.00348533,676,33280,1280,instantiation,1
4,0.00483777,676,33280,1280,instantiation,1
5,0.00501707,676,33280,1280,instantiation,1
6,0.00337126,676,33280,1280,instantiation,1
7,0.00466753,676,33280,1280,instantiation,1
8,0.00467214,676,33280,1280,instantiation,1
9,0.00336708,676,33280,1280,instantiation,1
