index,time,kernel,dimension,blocksize,operation,cudagraph,
0,0.00259494,324,11520,640,capture,1
1,0.00284416,324,11520,640,capture,1
2,0.00284694,324,11520,640,capture,1
3,0.00284634,324,11520,640,capture,1
4,0.00283941,324,11520,640,capture,1
5,0.00282888,324,11520,640,capture,1
6,0.00278342,324,11520,640,capture,1
7,0.00285542,324,11520,640,capture,1
8,0.00282229,324,11520,640,capture,1
9,0.00292282,324,11520,640,capture,1
