index,time,kernel,dimension,blocksize,operation,cudagraph,
0,0.0016605,324,11520,640,instantiation,1
1,0.00165877,324,11520,640,instantiation,1
2,0.00274333,324,11520,640,instantiation,1
3,0.00163756,324,11520,640,instantiation,1
4,0.00166376,324,11520,640,instantiation,1
5,0.00274026,324,11520,640,instantiation,1
6,0.00163429,324,11520,640,instantiation,1
7,0.00163795,324,11520,640,instantiation,1
8,0.00280712,324,11520,640,instantiation,1
9,0.00167677,324,11520,640,instantiation,1
