index,time,kernel,dimension,blocksize,operation,cudagraph,
0,0.0720861,7744,28160,320,capture,1
1,0.0732061,7744,28160,320,capture,1
2,0.0728344,7744,28160,320,capture,1
3,0.0731662,7744,28160,320,capture,1
4,0.0730405,7744,28160,320,capture,1
5,0.0731938,7744,28160,320,capture,1
6,0.0732136,7744,28160,320,capture,1
7,0.0730532,7744,28160,320,capture,1
8,0.0732717,7744,28160,320,capture,1
9,0.0730481,7744,28160,320,capture,1
