index,time,kernel,dimension,blocksize,operation,cudagraph,
0,0.00332503,441,26880,1280,capture,1
1,0.00331136,441,26880,1280,capture,1
2,0.00370839,441,26880,1280,capture,1
3,0.00376509,441,26880,1280,capture,1
4,0.0036778,441,26880,1280,capture,1
5,0.00371571,441,26880,1280,capture,1
6,0.00364175,441,26880,1280,capture,1
7,0.00372527,441,26880,1280,capture,1
8,0.00366903,441,26880,1280,capture,1
9,0.00371441,441,26880,1280,capture,1
