index,time,kernel,dimension,blocksize,operation,cudagraph,
0,0.00148777,441,26880,1280,instantiation,1
1,0.00199508,441,26880,1280,instantiation,1
2,0.00345774,441,26880,1280,instantiation,1
3,0.00222678,441,26880,1280,instantiation,1
4,0.003372,441,26880,1280,instantiation,1
5,0.00218125,441,26880,1280,instantiation,1
6,0.00336743,441,26880,1280,instantiation,1
7,0.00218001,441,26880,1280,instantiation,1
8,0.00348464,441,26880,1280,instantiation,1
9,0.00220226,441,26880,1280,instantiation,1
