index,time,kernel,dimension,blocksize,operation,cudagraph,
0,0.0175558,1936,14080,320,capture,1
1,0.0183276,1936,14080,320,capture,1
2,0.0182812,1936,14080,320,capture,1
3,0.0182954,1936,14080,320,capture,1
4,0.0183903,1936,14080,320,capture,1
5,0.018229,1936,14080,320,capture,1
6,0.0181072,1936,14080,320,capture,1
7,0.0183085,1936,14080,320,capture,1
8,0.0184194,1936,14080,320,capture,1
9,0.018286,1936,14080,320,capture,1
