index,time,kernel,dimension,blocksize,operation,cudagraph,
0,0.0111829,1936,14080,320,instantiation,1
1,0.0126653,1936,14080,320,instantiation,1
2,0.0126498,1936,14080,320,instantiation,1
3,0.012633,1936,14080,320,instantiation,1
4,0.0126604,1936,14080,320,instantiation,1
5,0.012424,1936,14080,320,instantiation,1
6,0.0126894,1936,14080,320,instantiation,1
7,0.0128677,1936,14080,320,instantiation,1
8,0.0125992,1936,14080,320,instantiation,1
9,0.0130175,1936,14080,320,instantiation,1
