index,time,kernel,dimension,blocksize,operation
0,0.0210022,2916,34560,640,capture
1,0.0230938,2916,34560,640,capture
2,0.022969,2916,34560,640,capture
3,0.0229597,2916,34560,640,capture
4,0.0229862,2916,34560,640,capture
5,0.0229417,2916,34560,640,capture
6,0.0229043,2916,34560,640,capture
7,0.0229303,2916,34560,640,capture
8,0.0230601,2916,34560,640,capture
9,0.0231864,2916,34560,640,capture
