index,time,kernel,dimension,blocksize,operation,cudagraph,
0,0.000287202,81,23040,2560,instantiation,1
1,0.00028662,81,23040,2560,instantiation,1
2,0.000277874,81,23040,2560,instantiation,1
3,0.000318481,81,23040,2560,instantiation,1
4,0.000415553,81,23040,2560,instantiation,1
5,0.00039749,81,23040,2560,instantiation,1
6,0.000402489,81,23040,2560,instantiation,1
7,0.000415774,81,23040,2560,instantiation,1
8,0.000430803,81,23040,2560,instantiation,1
9,0.00171209,81,23040,2560,instantiation,1
