index,time,kernel,dimension,blocksize,operation,cudagraph,
0,0.0463184,5184,23040,320,capture,1
1,0.0485575,5184,23040,320,capture,1
2,0.0485904,5184,23040,320,capture,1
3,0.0489895,5184,23040,320,capture,1
4,0.0486196,5184,23040,320,capture,1
5,0.0484886,5184,23040,320,capture,1
6,0.0483805,5184,23040,320,capture,1
7,0.0485129,5184,23040,320,capture,1
8,0.0486327,5184,23040,320,capture,1
9,0.0488628,5184,23040,320,capture,1
