index,time,kernel,dimension,blocksize,operation,cudagraph,
0,0.0021758,625,6400,256,instantiation,1
1,0.0043028,625,6400,256,instantiation,1
2,0.00301587,625,6400,256,instantiation,1
3,0.00428319,625,6400,256,instantiation,1
4,0.0041373,625,6400,256,instantiation,1
5,0.00303278,625,6400,256,instantiation,1
6,0.00445983,625,6400,256,instantiation,1
7,0.00454983,625,6400,256,instantiation,1
8,0.00323014,625,6400,256,instantiation,1
9,0.00430577,625,6400,256,instantiation,1
