index,time,kernel,dimension,blocksize,operation
0,0.0431109,4900,17920,256,capture
1,0.0450946,4900,17920,256,capture
2,0.0451583,4900,17920,256,capture
3,0.0452767,4900,17920,256,capture
4,0.0453167,4900,17920,256,capture
5,0.0449923,4900,17920,256,capture
6,0.0451116,4900,17920,256,capture
7,0.0452861,4900,17920,256,capture
8,0.0449945,4900,17920,256,capture
9,0.0451681,4900,17920,256,capture
