index,time,kernel,dimension,blocksize,operation,cudagraph,
0,0.000298884,36,38400,6400,capture,1
1,0.000233661,36,38400,6400,capture,1
2,0.000230705,36,38400,6400,capture,1
3,0.000229313,36,38400,6400,capture,1
4,0.000228942,36,38400,6400,capture,1
5,0.000229774,36,38400,6400,capture,1
6,0.000231777,36,38400,6400,capture,1
7,0.000228992,36,38400,6400,capture,1
8,0.000229824,36,38400,6400,capture,1
9,0.000228942,36,38400,6400,capture,1
