index,time,kernel,dimension,blocksize,operation,cudagraph,
0,0.000308001,64,20480,2560,capture,1
1,0.000241435,64,20480,2560,capture,1
2,0.000239231,64,20480,2560,capture,1
3,0.000235264,64,20480,2560,capture,1
4,0.000237337,64,20480,2560,capture,1
5,0.000236827,64,20480,2560,capture,1
6,0.00024355,64,20480,2560,capture,1
7,0.000237809,64,20480,2560,capture,1
8,0.000240083,64,20480,2560,capture,1
9,0.000237939,64,20480,2560,capture,1
