index,time,kernel,dimension,blocksize,operation,cudagraph,
0,0.000306027,64,20480,2560,instantiation,1
1,0.000301729,64,20480,2560,instantiation,1
2,0.000327337,64,20480,2560,instantiation,1
3,0.000296669,64,20480,2560,instantiation,1
4,0.000311007,64,20480,2560,instantiation,1
5,0.000298403,64,20480,2560,instantiation,1
6,0.000282042,64,20480,2560,instantiation,1
7,0.00030269,64,20480,2560,instantiation,1
8,0.000296169,64,20480,2560,instantiation,1
9,0.00042948,64,20480,2560,instantiation,1
