index,time,kernel,dimension,blocksize,operation,cudagraph,
0,0.126554,15376,39680,320,capture,1
1,0.12733,15376,39680,320,capture,1
2,0.12613,15376,39680,320,capture,1
3,0.12657,15376,39680,320,capture,1
