index,time,kernel,dimension,blocksize,operation,cudagraph,
0,0.148559,15625,32000,256,capture,1
1,0.148561,15625,32000,256,capture,1
2,0.148612,15625,32000,256,capture,1
3,0.148936,15625,32000,256,capture,1
4,0.148417,15625,32000,256,capture,1
5,0.14843,15625,32000,256,capture,1
6,0.148668,15625,32000,256,capture,1
7,0.148614,15625,32000,256,capture,1
8,0.148876,15625,32000,256,capture,1
9,0.149737,15625,32000,256,capture,1
