index,time,kernel,dimension,blocksize,operation,cudagraph,
0,0.121482,15625,32000,256,instantiation,1
1,0.119106,15625,32000,256,instantiation,1
2,0.119956,15625,32000,256,instantiation,1
3,0.122607,15625,32000,256,instantiation,1
4,0.122233,15625,32000,256,instantiation,1
5,0.122268,15625,32000,256,instantiation,1
6,0.122558,15625,32000,256,instantiation,1
7,0.126388,15625,32000,256,instantiation,1
8,0.125532,15625,32000,256,instantiation,1
9,0.125868,15625,32000,256,instantiation,1
