index,time,kernel,dimension,blocksize,operation,cudagraph,
0,0.00782034,1024,20480,640,capture,1
1,0.00842896,1024,20480,640,capture,1
2,0.00839746,1024,20480,640,capture,1
3,0.00841478,1024,20480,640,capture,1
4,0.00843399,1024,20480,640,capture,1
5,0.00841052,1024,20480,640,capture,1
6,0.00837552,1024,20480,640,capture,1
7,0.00838843,1024,20480,640,capture,1
8,0.00839413,1024,20480,640,capture,1
9,0.00842555,1024,20480,640,capture,1
