index,time,kernel,dimension,blocksize,operation,cudagraph,
0,0.0986173,12100,14080,128,capture,1
1,0.101128,12100,14080,128,capture,1
2,0.100658,12100,14080,128,capture,1
3,0.100963,12100,14080,128,capture,1
4,0.101527,12100,14080,128,capture,1
5,0.100761,12100,14080,128,capture,1
6,0.100978,12100,14080,128,capture,1
7,0.100604,12100,14080,128,capture,1
8,0.101292,12100,14080,128,capture,1
9,0.100767,12100,14080,128,capture,1
