index,time,kernel,dimension,blocksize,operation
0,0.0926658,10000,32000,320,capture
1,0.0935439,10000,32000,320,capture
2,0.0936191,10000,32000,320,capture
3,0.0933334,10000,32000,320,capture
4,0.093356,10000,32000,320,capture
5,0.093281,10000,32000,320,capture
6,0.0937349,10000,32000,320,capture
7,0.0934392,10000,32000,320,capture
8,0.0932102,10000,32000,320,capture
9,0.093609,10000,32000,320,capture
