index,time,kernel,dimension,blocksize,operation
0,0.0746196,10000,32000,320,instantiation
1,0.0762327,10000,32000,320,instantiation
2,0.0758195,10000,32000,320,instantiation
3,0.075995,10000,32000,320,instantiation
4,0.0750485,10000,32000,320,instantiation
5,0.0764812,10000,32000,320,instantiation
6,0.0771969,10000,32000,320,instantiation
7,0.0762379,10000,32000,320,instantiation
8,0.0762695,10000,32000,320,instantiation
9,0.0765196,10000,32000,320,instantiation
