index,time,kernel,dimension,blocksize,operation,cudagraph,
0,0.00437992,576,15360,640,capture,1
1,0.00485239,576,15360,640,capture,1
2,0.00486244,576,15360,640,capture,1
3,0.00484598,576,15360,640,capture,1
4,0.00486558,576,15360,640,capture,1
5,0.00487451,576,15360,640,capture,1
6,0.00481565,576,15360,640,capture,1
7,0.00486549,576,15360,640,capture,1
8,0.00482221,576,15360,640,capture,1
9,0.00485781,576,15360,640,capture,1
