index,time,kernel,dimension,blocksize,operation,cudagraph,
0,0.00023873,36,23040,3840,capture,1
1,0.000168678,36,23040,3840,capture,1
2,0.000165953,36,23040,3840,capture,1
3,0.000165242,36,23040,3840,capture,1
4,0.000171805,36,23040,3840,capture,1
5,0.000168017,36,23040,3840,capture,1
6,0.000165442,36,23040,3840,capture,1
7,0.000163008,36,23040,3840,capture,1
8,0.000163649,36,23040,3840,capture,1
9,0.000162697,36,23040,3840,capture,1
