index,time,kernel,dimension,blocksize,operation,cudagraph,
0,0.000224904,36,23040,3840,instantiation,1
1,0.000218432,36,23040,3840,instantiation,1
2,0.000210447,36,23040,3840,instantiation,1
3,0.000220566,36,23040,3840,instantiation,1
4,0.000223121,36,23040,3840,instantiation,1
5,0.000210457,36,23040,3840,instantiation,1
6,0.000184137,36,23040,3840,instantiation,1
7,0.000200118,36,23040,3840,instantiation,1
8,0.000263407,36,23040,3840,instantiation,1
9,0.000204697,36,23040,3840,instantiation,1
