index,time,kernel,dimension,blocksize,operation,cudagraph,
0,0.00361221,900,7680,256,instantiation,1
1,0.00605016,900,7680,256,instantiation,1
2,0.00562057,900,7680,256,instantiation,1
3,0.00561626,900,7680,256,instantiation,1
4,0.00557574,900,7680,256,instantiation,1
5,0.00558407,900,7680,256,instantiation,1
6,0.00566429,900,7680,256,instantiation,1
7,0.00559632,900,7680,256,instantiation,1
8,0.00578978,900,7680,256,instantiation,1
9,0.0043653,900,7680,256,instantiation,1
