index,time,kernel,dimension,blocksize,operation,cudagraph,
0,0.18731,22500,19200,128,capture,1
1,0.190774,22500,19200,128,capture,1
2,0.186977,22500,19200,128,capture,1
3,0.188484,22500,19200,128,capture,1
4,0.186799,22500,19200,128,capture,1
5,0.190486,22500,19200,128,capture,1
6,0.190451,22500,19200,128,capture,1
7,0.188549,22500,19200,128,capture,1
8,0.188348,22500,19200,128,capture,1
9,0.187398,22500,19200,128,capture,1
