index,time,kernel,dimension,blocksize,operation,cudagraph,
0,0.242521,22500,19200,128,instantiation,1
1,0.246942,22500,19200,128,instantiation,1
2,0.247568,22500,19200,128,instantiation,1
3,0.247496,22500,19200,128,instantiation,1
4,0.253301,22500,19200,128,instantiation,1
5,0.26106,22500,19200,128,instantiation,1
6,0.268679,22500,19200,128,instantiation,1
7,0.277318,22500,19200,128,instantiation,1
8,0.298383,22500,19200,128,instantiation,1
9,0.327712,22500,19200,128,instantiation,1
