index,time,kernel,dimension,blocksize,operation,cudagraph,
0,0.026708,3600,38400,640,capture,1
1,0.0288189,3600,38400,640,capture,1
2,0.0290586,3600,38400,640,capture,1
3,0.0288566,3600,38400,640,capture,1
4,0.0289779,3600,38400,640,capture,1
5,0.029053,3600,38400,640,capture,1
6,0.0287779,3600,38400,640,capture,1
7,0.0289507,3600,38400,640,capture,1
8,0.0288166,3600,38400,640,capture,1
9,0.0289951,3600,38400,640,capture,1
