index,time,kernel,dimension,blocksize,operation,cudagraph,
0,0.0246481,3600,38400,640,instantiation,1
1,0.0261618,3600,38400,640,instantiation,1
2,0.0252193,3600,38400,640,instantiation,1
3,0.0265165,3600,38400,640,instantiation,1
4,0.0250881,3600,38400,640,instantiation,1
5,0.0262484,3600,38400,640,instantiation,1
6,0.025588,3600,38400,640,instantiation,1
7,0.026519,3600,38400,640,instantiation,1
8,0.0251649,3600,38400,640,instantiation,1
9,0.0265986,3600,38400,640,instantiation,1
