index,time,kernel,dimension,blocksize,operation,cudagraph,
0,0.103524,12544,35840,320,capture,1
1,0.103897,12544,35840,320,capture,1
2,0.103741,12544,35840,320,capture,1
3,0.105424,12544,35840,320,capture,1
4,0.104759,12544,35840,320,capture,1
5,0.105179,12544,35840,320,capture,1
6,0.103892,12544,35840,320,capture,1
7,0.105781,12544,35840,320,capture,1
8,0.105033,12544,35840,320,capture,1
9,0.104782,12544,35840,320,capture,1
