index,time,kernel,dimension,blocksize,operation,cudagraph,
0,0.0964614,12544,35840,320,instantiation,1
1,0.0959984,12544,35840,320,instantiation,1
2,0.0955752,12544,35840,320,instantiation,1
3,0.0985486,12544,35840,320,instantiation,1
4,0.0976952,12544,35840,320,instantiation,1
5,0.0981764,12544,35840,320,instantiation,1
6,0.0962258,12544,35840,320,instantiation,1
7,0.1011,12544,35840,320,instantiation,1
8,0.101214,12544,35840,320,instantiation,1
9,0.100334,12544,35840,320,instantiation,1
