index,time,kernel,dimension,blocksize,operation,cudagraph,
0,0.0407178,5776,24320,320,instantiation,1
1,0.0412428,5776,24320,320,instantiation,1
2,0.0418754,5776,24320,320,instantiation,1
3,0.0410894,5776,24320,320,instantiation,1
4,0.0416408,5776,24320,320,instantiation,1
5,0.0412264,5776,24320,320,instantiation,1
6,0.0422598,5776,24320,320,instantiation,1
7,0.0423924,5776,24320,320,instantiation,1
8,0.0416989,5776,24320,320,instantiation,1
9,0.042724,5776,24320,320,instantiation,1
