index,time,kernel,dimension,blocksize,operation,cudagraph,
0,0.0100154,1764,26880,640,instantiation,1
1,0.0114933,1764,26880,640,instantiation,1
2,0.0117348,1764,26880,640,instantiation,1
3,0.0116282,1764,26880,640,instantiation,1
4,0.0108153,1764,26880,640,instantiation,1
5,0.0117695,1764,26880,640,instantiation,1
6,0.0117274,1764,26880,640,instantiation,1
7,0.0104941,1764,26880,640,instantiation,1
8,0.0118902,1764,26880,640,instantiation,1
9,0.0117996,1764,26880,640,instantiation,1
