index,time,kernel,dimension,blocksize,operation
0,0.0108161,1936,28160,640,instantiation
1,0.0125751,1936,28160,640,instantiation
2,0.0124773,1936,28160,640,instantiation
3,0.0121347,1936,28160,640,instantiation
4,0.0127799,1936,28160,640,instantiation
5,0.0125126,1936,28160,640,instantiation
6,0.0124333,1936,28160,640,instantiation
7,0.0127013,1936,28160,640,instantiation
8,0.012231,1936,28160,640,instantiation
9,0.0126919,1936,28160,640,instantiation
