index,time,kernel,dimension,blocksize,operation,cudagraph,
0,0.000520793,100,1280,128,instantiation,1
1,0.000504863,100,1280,128,instantiation,1
2,0.000490816,100,1280,128,instantiation,1
3,0.0005088,100,1280,128,instantiation,1
4,0.00152911,100,1280,128,instantiation,1
5,0.000684742,100,1280,128,instantiation,1
6,0.000704609,100,1280,128,instantiation,1
7,0.000703407,100,1280,128,instantiation,1
8,0.00165921,100,1280,128,instantiation,1
9,0.000716942,100,1280,128,instantiation,1
