index,time,kernel,dimension,blocksize,operation,cudagraph,
0,0.017627,2304,30720,640,capture,1
1,0.0188212,2304,30720,640,capture,1
2,0.018729,2304,30720,640,capture,1
3,0.0187131,2304,30720,640,capture,1
4,0.0187156,2304,30720,640,capture,1
5,0.0186864,2304,30720,640,capture,1
6,0.0186083,2304,30720,640,capture,1
7,0.018782,2304,30720,640,capture,1
8,0.0187142,2304,30720,640,capture,1
9,0.0186859,2304,30720,640,capture,1
