index,time,kernel,dimension,blocksize,operation,cudagraph,
0,0.0143885,2304,30720,640,instantiation,1
1,0.0148855,2304,30720,640,instantiation,1
2,0.0151664,2304,30720,640,instantiation,1
3,0.0161555,2304,30720,640,instantiation,1
4,0.0150247,2304,30720,640,instantiation,1
5,0.0149607,2304,30720,640,instantiation,1
6,0.0150316,2304,30720,640,instantiation,1
7,0.0160166,2304,30720,640,instantiation,1
8,0.0152949,2304,30720,640,instantiation,1
9,0.0151054,2304,30720,640,instantiation,1
