index,time,kernel,dimension,blocksize,operation,cudagraph,
0,0.125662,13225,29440,256,capture,1
1,0.126069,13225,29440,256,capture,1
2,0.126597,13225,29440,256,capture,1
3,0.126449,13225,29440,256,capture,1
4,0.12587,13225,29440,256,capture,1
5,0.126852,13225,29440,256,capture,1
6,0.126627,13225,29440,256,capture,1
7,0.126603,13225,29440,256,capture,1
8,0.126843,13225,29440,256,capture,1
9,0.126888,13225,29440,256,capture,1
