index,time,kernel,dimension,blocksize,operation,cudagraph,
0,0.00665172,900,38400,1280,capture,1
1,0.00754136,900,38400,1280,capture,1
2,0.0074938,900,38400,1280,capture,1
3,0.0074855,900,38400,1280,capture,1
4,0.00751596,900,38400,1280,capture,1
5,0.007511,900,38400,1280,capture,1
6,0.00744277,900,38400,1280,capture,1
7,0.00748701,900,38400,1280,capture,1
8,0.00749505,900,38400,1280,capture,1
9,0.00753373,900,38400,1280,capture,1
