index,time,kernel,dimension,blocksize,operation,cudagraph,
0,0.0086114,1600,10240,256,instantiation,1
1,0.0104083,1600,10240,256,instantiation,1
2,0.00960421,1600,10240,256,instantiation,1
3,0.0104627,1600,10240,256,instantiation,1
4,0.00960618,1600,10240,256,instantiation,1
5,0.0106027,1600,10240,256,instantiation,1
6,0.0106619,1600,10240,256,instantiation,1
7,0.00977353,1600,10240,256,instantiation,1
8,0.0107505,1600,10240,256,instantiation,1
9,0.00972882,1600,10240,256,instantiation,1
