index,time,kernel,dimension,blocksize,operation,cudagraph,
0,0.0344156,3600,15360,256,capture,1
1,0.0348446,3600,15360,256,capture,1
2,0.0347391,3600,15360,256,capture,1
3,0.035067,3600,15360,256,capture,1
4,0.0349411,3600,15360,256,capture,1
5,0.0348657,3600,15360,256,capture,1
6,0.0345352,3600,15360,256,capture,1
7,0.0347751,3600,15360,256,capture,1
8,0.0348472,3600,15360,256,capture,1
9,0.0348217,3600,15360,256,capture,1
