index,time,kernel,dimension,blocksize,operation,cudagraph,
0,0.0242292,3600,15360,256,instantiation,1
1,0.0251352,3600,15360,256,instantiation,1
2,0.0236609,3600,15360,256,instantiation,1
3,0.0249954,3600,15360,256,instantiation,1
4,0.0241579,3600,15360,256,instantiation,1
5,0.0250401,3600,15360,256,instantiation,1
6,0.024053,3600,15360,256,instantiation,1
7,0.025527,3600,15360,256,instantiation,1
8,0.0244616,3600,15360,256,instantiation,1
9,0.0252286,3600,15360,256,instantiation,1
