index,time,kernel,dimension,blocksize,operation,cudagraph,
0,0.0503195,6400,5120,64,capture,1
1,0.0524128,6400,5120,64,capture,1
2,0.0525119,6400,5120,64,capture,1
3,0.0566303,6400,5120,64,capture,1
4,0.0525868,6400,5120,64,capture,1
5,0.0524371,6400,5120,64,capture,1
6,0.0524169,6400,5120,64,capture,1
7,0.0526337,6400,5120,64,capture,1
8,0.0523896,6400,5120,64,capture,1
9,0.0524707,6400,5120,64,capture,1
