index,time,kernel,dimension,blocksize,operation,cudagraph,
0,0.0617441,6400,5120,64,instantiation,1
1,0.0625371,6400,5120,64,instantiation,1
2,0.0630189,6400,5120,64,instantiation,1
3,0.0636947,6400,5120,64,instantiation,1
4,0.063283,6400,5120,64,instantiation,1
5,0.0630781,6400,5120,64,instantiation,1
6,0.0649763,6400,5120,64,instantiation,1
7,0.0641059,6400,5120,64,instantiation,1
8,0.0646885,6400,5120,64,instantiation,1
9,0.0650738,6400,5120,64,instantiation,1
