index,time,kernel,dimension,blocksize,operation,cudagraph,
0,0.00240412,625,32000,1280,instantiation,1
1,0.00428113,625,32000,1280,instantiation,1
2,0.00309683,625,32000,1280,instantiation,1
3,0.00436945,625,32000,1280,instantiation,1
4,0.00431734,625,32000,1280,instantiation,1
5,0.00310055,625,32000,1280,instantiation,1
6,0.00431382,625,32000,1280,instantiation,1
7,0.00436467,625,32000,1280,instantiation,1
8,0.00307634,625,32000,1280,instantiation,1
9,0.00438737,625,32000,1280,instantiation,1
