index,time,kernel,dimension,blocksize,operation
0,0.00247839,576,15360,640,instantiation
1,0.00403414,576,15360,640,instantiation
2,0.00286757,576,15360,640,instantiation
3,0.00415425,576,15360,640,instantiation
4,0.00284729,576,15360,640,instantiation
5,0.00414362,576,15360,640,instantiation
6,0.0039878,576,15360,640,instantiation
7,0.00283695,576,15360,640,instantiation
8,0.00410576,576,15360,640,instantiation
9,0.00284601,576,15360,640,instantiation
