index,time,kernel,dimension,blocksize,operation,cudagraph,
0,0.0206885,3136,35840,640,instantiation,1
1,0.0206655,3136,35840,640,instantiation,1
2,0.0212561,3136,35840,640,instantiation,1
3,0.020875,3136,35840,640,instantiation,1
4,0.020932,3136,35840,640,instantiation,1
5,0.0209929,3136,35840,640,instantiation,1
6,0.0210381,3136,35840,640,instantiation,1
7,0.0210719,3136,35840,640,instantiation,1
8,0.0213737,3136,35840,640,instantiation,1
9,0.0211366,3136,35840,640,instantiation,1
