index,time,kernel,dimension,blocksize,operation,cudagraph,
0,0.119145,14400,38400,320,capture,1
1,0.119604,14400,38400,320,capture,1
2,0.119228,14400,38400,320,capture,1
3,0.119056,14400,38400,320,capture,1
4,0.119071,14400,38400,320,capture,1
5,0.118939,14400,38400,320,capture,1
6,0.119024,14400,38400,320,capture,1
