index,time,kernel,dimension,blocksize,operation,cudagraph,
0,0.00392275,784,17920,640,instantiation,1
1,0.00512934,784,17920,640,instantiation,1
2,0.00507639,784,17920,640,instantiation,1
3,0.00517815,784,17920,640,instantiation,1
4,0.00394698,784,17920,640,instantiation,1
5,0.00535576,784,17920,640,instantiation,1
6,0.00515999,784,17920,640,instantiation,1
7,0.00512251,784,17920,640,instantiation,1
8,0.00519624,784,17920,640,instantiation,1
9,0.0039117,784,17920,640,instantiation,1
