index,time,kernel,dimension,blocksize,operation,cudagraph,
0,0.000441824,100,25600,2560,capture,1
1,0.000369337,100,25600,2560,capture,1
2,0.000373144,100,25600,2560,capture,1
3,0.000366221,100,25600,2560,capture,1
4,0.000435251,100,25600,2560,capture,1
5,0.000415063,100,25600,2560,capture,1
6,0.000432045,100,25600,2560,capture,1
7,0.000417447,100,25600,2560,capture,1
8,0.000442345,100,25600,2560,capture,1
9,0.000411687,100,25600,2560,capture,1
