index,time,kernel,dimension,blocksize,operation,cudagraph,
0,0.237906,28900,21760,128,capture,1
1,0.241523,28900,21760,128,capture,1
2,0.244092,28900,21760,128,capture,1
3,0.23978,28900,21760,128,capture,1
4,0.244668,28900,21760,128,capture,1
5,0.244902,28900,21760,128,capture,1
6,0.241405,28900,21760,128,capture,1
7,0.244914,28900,21760,128,capture,1
