index,time,kernel,dimension,blocksize,operation,cudagraph,
0,0.324846,28900,21760,128,instantiation,1
1,0.323633,28900,21760,128,instantiation,1
2,0.332014,28900,21760,128,instantiation,1
3,0.343179,28900,21760,128,instantiation,1
4,0.36069,28900,21760,128,instantiation,1
5,0.376014,28900,21760,128,instantiation,1
6,0.395691,28900,21760,128,instantiation,1
