index,time,kernel,dimension,blocksize,operation
0,0.0523659,5625,19200,256,capture
1,0.0531402,5625,19200,256,capture
2,0.0528207,5625,19200,256,capture
3,0.052681,5625,19200,256,capture
4,0.0529387,5625,19200,256,capture
5,0.0528901,5625,19200,256,capture
6,0.053103,5625,19200,256,capture
7,0.0529762,5625,19200,256,capture
8,0.0529239,5625,19200,256,capture
9,0.0538157,5625,19200,256,capture
