index,time,kernel,dimension,blocksize,operation
0,0.0390165,5625,19200,256,instantiation
1,0.0401006,5625,19200,256,instantiation
2,0.0394961,5625,19200,256,instantiation
3,0.040579,5625,19200,256,instantiation
4,0.0399579,5625,19200,256,instantiation
5,0.0408009,5625,19200,256,instantiation
6,0.0398348,5625,19200,256,instantiation
7,0.040713,5625,19200,256,instantiation
8,0.0401329,5625,19200,256,instantiation
9,0.0417804,5625,19200,256,instantiation
