index,time,kernel,dimension,blocksize,operation
0,0.00954419,1764,26880,640,instantiation
1,0.0113414,1764,26880,640,instantiation
2,0.0111357,1764,26880,640,instantiation
3,0.01138,1764,26880,640,instantiation
4,0.0104687,1764,26880,640,instantiation
5,0.0114623,1764,26880,640,instantiation
6,0.0114501,1764,26880,640,instantiation
7,0.010896,1764,26880,640,instantiation
8,0.01174,1764,26880,640,instantiation
9,0.0118765,1764,26880,640,instantiation
