index,time,kernel,dimension,blocksize,operation,cudagraph,
0,0.00226296,289,21760,1280,capture,1
1,0.00220288,289,21760,1280,capture,1
2,0.00217857,289,21760,1280,capture,1
3,0.00246665,289,21760,1280,capture,1
4,0.00248566,289,21760,1280,capture,1
5,0.00246614,289,21760,1280,capture,1
6,0.00242487,289,21760,1280,capture,1
7,0.00245649,289,21760,1280,capture,1
8,0.00252665,289,21760,1280,capture,1
9,0.00246476,289,21760,1280,capture,1
