index,time,kernel,dimension,blocksize,operation,cudagraph,
0,0.00101564,289,21760,1280,instantiation,1
1,0.001015,289,21760,1280,instantiation,1
2,0.00151023,289,21760,1280,instantiation,1
3,0.00269275,289,21760,1280,instantiation,1
4,0.00148233,289,21760,1280,instantiation,1
5,0.00148539,289,21760,1280,instantiation,1
6,0.00267267,289,21760,1280,instantiation,1
7,0.00150498,289,21760,1280,instantiation,1
8,0.00149587,289,21760,1280,instantiation,1
9,0.00269775,289,21760,1280,instantiation,1
