index,time,kernel,dimension,blocksize,operation,cudagraph,
0,0.0656059,7225,21760,256,capture,1
1,0.0674364,7225,21760,256,capture,1
2,0.0672711,7225,21760,256,capture,1
3,0.0674054,7225,21760,256,capture,1
4,0.06723,7225,21760,256,capture,1
5,0.0676151,7225,21760,256,capture,1
6,0.0672768,7225,21760,256,capture,1
7,0.067371,7225,21760,256,capture,1
8,0.0674483,7225,21760,256,capture,1
9,0.0675554,7225,21760,256,capture,1
