index,time,kernel,dimension,blocksize,operation,cudagraph,
0,0.0148177,1936,28160,640,capture,1
1,0.0157564,1936,28160,640,capture,1
2,0.0157953,1936,28160,640,capture,1
3,0.0157632,1936,28160,640,capture,1
4,0.0157453,1936,28160,640,capture,1
5,0.0158025,1936,28160,640,capture,1
6,0.0157178,1936,28160,640,capture,1
7,0.0157468,1936,28160,640,capture,1
8,0.0157642,1936,28160,640,capture,1
9,0.0157679,1936,28160,640,capture,1
