index,time,kernel,dimension,blocksize,operation,cudagraph,
0,0.00153244,144,3840,320,capture,1
1,0.00145957,144,3840,320,capture,1
2,0.00147399,144,3840,320,capture,1
3,0.00146965,144,3840,320,capture,1
4,0.00210282,144,3840,320,capture,1
5,0.00159892,144,3840,320,capture,1
6,0.00156178,144,3840,320,capture,1
7,0.00158089,144,3840,320,capture,1
8,0.00158105,144,3840,320,capture,1
9,0.00158307,144,3840,320,capture,1
