index,time,kernel,dimension,blocksize,operation,cudagraph,
0,0.000512497,144,3840,320,instantiation,1
1,0.000567681,144,3840,320,instantiation,1
2,0.000533737,144,3840,320,instantiation,1
3,0.000544688,144,3840,320,instantiation,1
4,0.000977985,144,3840,320,instantiation,1
5,0.000777798,144,3840,320,instantiation,1
6,0.00180608,144,3840,320,instantiation,1
7,0.000779982,144,3840,320,instantiation,1
8,0.000816571,144,3840,320,instantiation,1
9,0.000793427,144,3840,320,instantiation,1
