index,time,kernel,dimension,blocksize,operation,cudagraph,
0,0.0129582,1764,26880,640,capture,1
1,0.0143638,1764,26880,640,capture,1
2,0.0144448,1764,26880,640,capture,1
3,0.0143852,1764,26880,640,capture,1
4,0.0144684,1764,26880,640,capture,1
5,0.0144238,1764,26880,640,capture,1
6,0.0142716,1764,26880,640,capture,1
7,0.0143668,1764,26880,640,capture,1
8,0.014415,1764,26880,640,capture,1
9,0.0144303,1764,26880,640,capture,1
