index,time,kernel,dimension,blocksize,operation,cudagraph,
0,0.0588227,6400,25600,320,capture,1
1,0.0600438,6400,25600,320,capture,1
2,0.0597401,6400,25600,320,capture,1
3,0.0599757,6400,25600,320,capture,1
4,0.0604878,6400,25600,320,capture,1
5,0.0600215,6400,25600,320,capture,1
6,0.0600397,6400,25600,320,capture,1
7,0.0601548,6400,25600,320,capture,1
8,0.0602938,6400,25600,320,capture,1
9,0.0603479,6400,25600,320,capture,1
