index,time,kernel,dimension,blocksize,operation,cudagraph,
0,0.0454933,6400,25600,320,instantiation,1
1,0.0459976,6400,25600,320,instantiation,1
2,0.0453601,6400,25600,320,instantiation,1
3,0.0470682,6400,25600,320,instantiation,1
4,0.0461593,6400,25600,320,instantiation,1
5,0.0461671,6400,25600,320,instantiation,1
6,0.0464634,6400,25600,320,instantiation,1
7,0.0473699,6400,25600,320,instantiation,1
8,0.0464354,6400,25600,320,instantiation,1
9,0.0468454,6400,25600,320,instantiation,1
