index,time,kernel,dimension,blocksize,operation,cudagraph,
0,0.00422948,529,29440,1280,capture,1
1,0.00399581,529,29440,1280,capture,1
2,0.00443961,529,29440,1280,capture,1
3,0.00438615,529,29440,1280,capture,1
4,0.00438797,529,29440,1280,capture,1
5,0.00438972,529,29440,1280,capture,1
6,0.00437396,529,29440,1280,capture,1
7,0.00439851,529,29440,1280,capture,1
8,0.00441041,529,29440,1280,capture,1
9,0.00438348,529,29440,1280,capture,1
