index,time,kernel,dimension,blocksize,operation,cudagraph,
0,0.00183906,529,29440,1280,instantiation,1
1,0.00357906,529,29440,1280,instantiation,1
2,0.00267588,529,29440,1280,instantiation,1
3,0.00397928,529,29440,1280,instantiation,1
4,0.00272093,529,29440,1280,instantiation,1
5,0.0039123,529,29440,1280,instantiation,1
6,0.00265637,529,29440,1280,instantiation,1
7,0.00390578,529,29440,1280,instantiation,1
8,0.00268366,529,29440,1280,instantiation,1
9,0.00401408,529,29440,1280,instantiation,1
