index,time,kernel,dimension,blocksize,operation,cudagraph,
0,0.000151435,4,25600,12800,instantiation,1
1,1.632e-05,4,25600,12800,instantiation,1
2,1.636e-05,4,25600,12800,instantiation,1
3,1.581e-05,4,25600,12800,instantiation,1
4,1.9867e-05,4,25600,12800,instantiation,1
5,1.4908e-05,4,25600,12800,instantiation,1
6,1.4027e-05,4,25600,12800,instantiation,1
7,1.3395e-05,4,25600,12800,instantiation,1
8,0.000151536,4,25600,12800,instantiation,1
9,1.3716e-05,4,25600,12800,instantiation,1
