index,time,kernel,dimension,blocksize,operation,cudagraph,
0,0.336183,40000,25600,128,capture,1
1,0.338696,40000,25600,128,capture,1
2,0.339912,40000,25600,128,capture,1
3,0.33878,40000,25600,128,capture,1
4,0.340462,40000,25600,128,capture,1
