index,time,kernel,dimension,blocksize,operation,cudagraph,
0,0.0136796,1600,12800,320,capture,1
1,0.0153354,1600,12800,320,capture,1
2,0.0150858,1600,12800,320,capture,1
3,0.0151008,1600,12800,320,capture,1
4,0.0147844,1600,12800,320,capture,1
5,0.0149545,1600,12800,320,capture,1
6,0.0150342,1600,12800,320,capture,1
7,0.0151148,1600,12800,320,capture,1
8,0.0148266,1600,12800,320,capture,1
9,0.0151188,1600,12800,320,capture,1
