index,time,kernel,dimension,blocksize,operation,cudagraph,
0,0.00931279,1600,12800,320,instantiation,1
1,0.010953,1600,12800,320,instantiation,1
2,0.00986981,1600,12800,320,instantiation,1
3,0.01115,1600,12800,320,instantiation,1
4,0.00963845,1600,12800,320,instantiation,1
5,0.011071,1600,12800,320,instantiation,1
6,0.0109984,1600,12800,320,instantiation,1
7,0.0100043,1600,12800,320,instantiation,1
8,0.0109524,1600,12800,320,instantiation,1
9,0.0100392,1600,12800,320,instantiation,1
