index,time,kernel,dimension,blocksize,operation,cudagraph,
0,0.0242644,2704,16640,320,capture,1
1,0.0255127,2704,16640,320,capture,1
2,0.0252525,2704,16640,320,capture,1
3,0.0252488,2704,16640,320,capture,1
4,0.0252057,2704,16640,320,capture,1
5,0.0253014,2704,16640,320,capture,1
6,0.0250109,2704,16640,320,capture,1
7,0.0252647,2704,16640,320,capture,1
8,0.0252633,2704,16640,320,capture,1
9,0.0252625,2704,16640,320,capture,1
