index,time,kernel,dimension,blocksize,operation,cudagraph,
0,0.0172928,2704,16640,320,instantiation,1
1,0.0184186,2704,16640,320,instantiation,1
2,0.018366,2704,16640,320,instantiation,1
3,0.0173553,2704,16640,320,instantiation,1
4,0.0183195,2704,16640,320,instantiation,1
5,0.0176695,2704,16640,320,instantiation,1
6,0.018382,2704,16640,320,instantiation,1
7,0.0185754,2704,16640,320,instantiation,1
8,0.0178029,2704,16640,320,instantiation,1
9,0.0185545,2704,16640,320,instantiation,1
