index,time,kernel,dimension,blocksize,operation,cudagraph,
0,0.00283221,361,24320,1280,capture,1
1,0.00276649,361,24320,1280,capture,1
2,0.00304121,361,24320,1280,capture,1
3,0.00304917,361,24320,1280,capture,1
4,0.00306675,361,24320,1280,capture,1
5,0.00308355,361,24320,1280,capture,1
6,0.00303405,361,24320,1280,capture,1
7,0.00307507,361,24320,1280,capture,1
8,0.00305692,361,24320,1280,capture,1
9,0.00307484,361,24320,1280,capture,1
