index,time,kernel,dimension,blocksize,operation,cudagraph,
0,0.00122285,361,24320,1280,instantiation,1
1,0.00140042,361,24320,1280,instantiation,1
2,0.00305143,361,24320,1280,instantiation,1
3,0.00183894,361,24320,1280,instantiation,1
4,0.00182922,361,24320,1280,instantiation,1
5,0.00300919,361,24320,1280,instantiation,1
6,0.00182484,361,24320,1280,instantiation,1
7,0.00181917,361,24320,1280,instantiation,1
8,0.0018386,361,24320,1280,instantiation,1
9,0.001813,361,24320,1280,instantiation,1
