index,time,kernel,dimension,blocksize,operation,cudagraph,
0,0.000160753,4,33280,16640,instantiation,1
1,1.6892e-05,4,33280,16640,instantiation,1
2,1.612e-05,4,33280,16640,instantiation,1
3,1.7112e-05,4,33280,16640,instantiation,1
4,2.0879e-05,4,33280,16640,instantiation,1
5,1.6671e-05,4,33280,16640,instantiation,1
6,1.7453e-05,4,33280,16640,instantiation,1
7,1.7674e-05,4,33280,16640,instantiation,1
8,0.00019123,4,33280,16640,instantiation,1
9,1.6331e-05,4,33280,16640,instantiation,1
