index,time,kernel,dimension,blocksize,operation,cudagraph,
0,0.0815938,10000,12800,128,capture,1
1,0.0829014,10000,12800,128,capture,1
2,0.0828301,10000,12800,128,capture,1
3,0.0826152,10000,12800,128,capture,1
4,0.082862,10000,12800,128,capture,1
5,0.0873312,10000,12800,128,capture,1
6,0.0826303,10000,12800,128,capture,1
7,0.082898,10000,12800,128,capture,1
8,0.0823505,10000,12800,128,capture,1
9,0.0831567,10000,12800,128,capture,1
