index,time,kernel,dimension,blocksize,operation,cudagraph,
0,0.0991043,10000,12800,128,instantiation,1
1,0.101339,10000,12800,128,instantiation,1
2,0.102254,10000,12800,128,instantiation,1
3,0.101953,10000,12800,128,instantiation,1
4,0.102351,10000,12800,128,instantiation,1
5,0.104342,10000,12800,128,instantiation,1
6,0.104264,10000,12800,128,instantiation,1
7,0.10452,10000,12800,128,instantiation,1
8,0.104443,10000,12800,128,instantiation,1
9,0.107062,10000,12800,128,instantiation,1
