index,time,kernel,dimension,blocksize,operation
0,0.00567298,576,7680,320,capture
1,0.00578554,576,7680,320,capture
2,0.00578378,576,7680,320,capture
3,0.00607211,576,7680,320,capture
4,0.0057816,576,7680,320,capture
5,0.00572546,576,7680,320,capture
6,0.00579456,576,7680,320,capture
7,0.00580017,576,7680,320,capture
8,0.00575751,576,7680,320,capture
9,0.0058111,576,7680,320,capture
