index,time,kernel,dimension,blocksize,operation
0,0.00199812,576,7680,320,instantiation
1,0.00392634,576,7680,320,instantiation
2,0.00284024,576,7680,320,instantiation
3,0.00397744,576,7680,320,instantiation
4,0.00280964,576,7680,320,instantiation
5,0.0041262,576,7680,320,instantiation
6,0.00389886,576,7680,320,instantiation
7,0.00284695,576,7680,320,instantiation
8,0.00403138,576,7680,320,instantiation
9,0.00285249,576,7680,320,instantiation
