index,time,kernel,dimension,blocksize,operation,cudagraph,
0,0.188564,22500,19200,128,capture,1
1,0.188467,22500,19200,128,capture,1
2,0.187805,22500,19200,128,capture,1
3,0.189574,22500,19200,128,capture,1
4,0.187187,22500,19200,128,capture,1
5,0.185646,22500,19200,128,capture,1
6,0.189077,22500,19200,128,capture,1
7,0.18971,22500,19200,128,capture,1
8,0.189618,22500,19200,128,capture,1
9,0.186834,22500,19200,128,capture,1
