index,time,kernel,dimension,blocksize,operation
0,0.0170456,1936,14080,320,capture
1,0.0179385,1936,14080,320,capture
2,0.0178323,1936,14080,320,capture
3,0.0177877,1936,14080,320,capture
4,0.0178482,1936,14080,320,capture
5,0.0177448,1936,14080,320,capture
6,0.0178231,1936,14080,320,capture
7,0.0178039,1936,14080,320,capture
8,0.0179335,1936,14080,320,capture
9,0.0178471,1936,14080,320,capture
