index,time,kernel,dimension,blocksize,operation
0,0.000670024,169,16640,1280,instantiation
1,0.000636761,169,16640,1280,instantiation
2,0.000644196,169,16640,1280,instantiation
3,0.000619869,169,16640,1280,instantiation
4,0.000824586,169,16640,1280,instantiation
5,0.00208973,169,16640,1280,instantiation
6,0.000926598,169,16640,1280,instantiation
7,0.000900679,169,16640,1280,instantiation
8,0.00092795,169,16640,1280,instantiation
9,0.000912461,169,16640,1280,instantiation
