index,time,kernel,dimension,blocksize,operation,cudagraph,
0,0.000822581,64,2560,320,capture,1
1,0.000743032,64,2560,320,capture,1
2,0.000741569,64,2560,320,capture,1
3,0.000739936,64,2560,320,capture,1
4,0.000735337,64,2560,320,capture,1
5,0.000735829,64,2560,320,capture,1
6,0.000724377,64,2560,320,capture,1
7,0.000748121,64,2560,320,capture,1
8,0.000734245,64,2560,320,capture,1
9,0.000734295,64,2560,320,capture,1
