index,time,kernel,dimension,blocksize,operation,cudagraph,
0,0.000320745,64,2560,320,instantiation,1
1,0.000305336,64,2560,320,instantiation,1
2,0.000303062,64,2560,320,instantiation,1
3,0.000335433,64,2560,320,instantiation,1
4,0.000309544,64,2560,320,instantiation,1
5,0.000305616,64,2560,320,instantiation,1
6,0.000300136,64,2560,320,instantiation,1
7,0.000300928,64,2560,320,instantiation,1
8,0.000316026,64,2560,320,instantiation,1
9,0.000297391,64,2560,320,instantiation,1
