index,time,kernel,dimension,blocksize,operation,cudagraph,
0,0.000291279,49,26880,3840,capture,1
1,0.000219705,49,26880,3840,capture,1
2,0.000218872,49,26880,3840,capture,1
3,0.000216478,49,26880,3840,capture,1
4,0.000222009,49,26880,3840,capture,1
5,0.000224544,49,26880,3840,capture,1
6,0.000219284,49,26880,3840,capture,1
7,0.000223672,49,26880,3840,capture,1
8,0.000220866,49,26880,3840,capture,1
9,0.000221828,49,26880,3840,capture,1
