index,time,kernel,dimension,blocksize,operation,cudagraph,
0,0.00169363,484,28160,1280,instantiation,1
1,0.00364099,484,28160,1280,instantiation,1
2,0.00242105,484,28160,1280,instantiation,1
3,0.00363252,484,28160,1280,instantiation,1
4,0.00240664,484,28160,1280,instantiation,1
5,0.00241773,484,28160,1280,instantiation,1
6,0.00375039,484,28160,1280,instantiation,1
7,0.00237488,484,28160,1280,instantiation,1
8,0.00363853,484,28160,1280,instantiation,1
9,0.00242372,484,28160,1280,instantiation,1
