index,time,kernel,dimension,blocksize,operation,cudagraph,
0,0.0213114,2916,34560,640,capture,1
1,0.0234916,2916,34560,640,capture,1
2,0.0235152,2916,34560,640,capture,1
3,0.0234076,2916,34560,640,capture,1
4,0.0235331,2916,34560,640,capture,1
5,0.0234337,2916,34560,640,capture,1
6,0.0233981,2916,34560,640,capture,1
7,0.0234837,2916,34560,640,capture,1
8,0.0236126,2916,34560,640,capture,1
9,0.0237665,2916,34560,640,capture,1
