index,time,kernel,dimension,blocksize,operation,cudagraph,
0,0.0185561,2916,34560,640,instantiation,1
1,0.0198365,2916,34560,640,instantiation,1
2,0.0201406,2916,34560,640,instantiation,1
3,0.0199118,2916,34560,640,instantiation,1
4,0.0200802,2916,34560,640,instantiation,1
5,0.0202427,2916,34560,640,instantiation,1
6,0.0199958,2916,34560,640,instantiation,1
7,0.0195157,2916,34560,640,instantiation,1
8,0.0208728,2916,34560,640,instantiation,1
9,0.0206753,2916,34560,640,instantiation,1
