index,time,kernel,dimension,blocksize,operation,cudagraph,
0,0.0242905,3136,35840,640,capture,1
1,0.0254137,3136,35840,640,capture,1
2,0.0253832,3136,35840,640,capture,1
3,0.0256676,3136,35840,640,capture,1
4,0.0254103,3136,35840,640,capture,1
5,0.025394,3136,35840,640,capture,1
6,0.0252407,3136,35840,640,capture,1
7,0.0253644,3136,35840,640,capture,1
8,0.0254129,3136,35840,640,capture,1
9,0.0254502,3136,35840,640,capture,1
