index,time,kernel,dimension,blocksize,operation,cudagraph,
0,0.05272,5625,19200,256,capture,1
1,0.0533821,5625,19200,256,capture,1
2,0.0530661,5625,19200,256,capture,1
3,0.0530858,5625,19200,256,capture,1
4,0.0531035,5625,19200,256,capture,1
5,0.0532941,5625,19200,256,capture,1
6,0.0529603,5625,19200,256,capture,1
7,0.053145,5625,19200,256,capture,1
8,0.0532236,5625,19200,256,capture,1
9,0.053033,5625,19200,256,capture,1
