index,time,kernel,dimension,blocksize,operation,cudagraph,
0,0.0394953,5625,19200,256,instantiation,1
1,0.040818,5625,19200,256,instantiation,1
2,0.039961,5625,19200,256,instantiation,1
3,0.0412201,5625,19200,256,instantiation,1
4,0.0399446,5625,19200,256,instantiation,1
5,0.0406707,5625,19200,256,instantiation,1
6,0.0400198,5625,19200,256,instantiation,1
7,0.0410016,5625,19200,256,instantiation,1
8,0.0406614,5625,19200,256,instantiation,1
9,0.0415634,5625,19200,256,instantiation,1
