index,time,kernel,dimension,blocksize,operation,cudagraph,
0,0.0249176,3136,35840,640,capture,1
1,0.0251909,3136,35840,640,capture,1
2,0.0253194,3136,35840,640,capture,1
3,0.0252967,3136,35840,640,capture,1
4,0.0253483,3136,35840,640,capture,1
5,0.0252148,3136,35840,640,capture,1
6,0.0249759,3136,35840,640,capture,1
7,0.0252062,3136,35840,640,capture,1
8,0.025308,3136,35840,640,capture,1
9,0.0252086,3136,35840,640,capture,1
