index,time,kernel,dimension,blocksize,operation,cudagraph,
0,0.0237067,3600,19200,320,instantiation,1
1,0.0248879,3600,19200,320,instantiation,1
2,0.0239946,3600,19200,320,instantiation,1
3,0.0250051,3600,19200,320,instantiation,1
4,0.0238937,3600,19200,320,instantiation,1
5,0.0248731,3600,19200,320,instantiation,1
6,0.0243785,3600,19200,320,instantiation,1
7,0.025251,3600,19200,320,instantiation,1
8,0.0245879,3600,19200,320,instantiation,1
9,0.0256843,3600,19200,320,instantiation,1
