index,time,kernel,dimension,blocksize,operation,cudagraph,
0,0.00933826,1600,25600,640,instantiation,1
1,0.0105533,1600,25600,640,instantiation,1
2,0.00968906,1600,25600,640,instantiation,1
3,0.010604,1600,25600,640,instantiation,1
4,0.00992066,1600,25600,640,instantiation,1
5,0.0105442,1600,25600,640,instantiation,1
6,0.0109578,1600,25600,640,instantiation,1
7,0.00981902,1600,25600,640,instantiation,1
8,0.0107888,1600,25600,640,instantiation,1
9,0.00986071,1600,25600,640,instantiation,1
