index,time,kernel,dimension,blocksize,operation,cudagraph,
0,0.0058512,784,35840,1280,capture,1
1,0.00632573,784,35840,1280,capture,1
2,0.00637803,784,35840,1280,capture,1
3,0.00640171,784,35840,1280,capture,1
4,0.00659061,784,35840,1280,capture,1
5,0.00646285,784,35840,1280,capture,1
6,0.00658442,784,35840,1280,capture,1
7,0.00644394,784,35840,1280,capture,1
8,0.00649572,784,35840,1280,capture,1
9,0.00644139,784,35840,1280,capture,1
