index,time,kernel,dimension,blocksize,operation,cudagraph,
0,0.000168297,9,3840,1280,instantiation,1
1,2.1301e-05,9,3840,1280,instantiation,1
2,2.1661e-05,9,3840,1280,instantiation,1
3,0.000155424,9,3840,1280,instantiation,1
4,2.7091e-05,9,3840,1280,instantiation,1
5,2.3905e-05,9,3840,1280,instantiation,1
6,2.2953e-05,9,3840,1280,instantiation,1
7,0.0001537,9,3840,1280,instantiation,1
8,2.4526e-05,9,3840,1280,instantiation,1
9,2.122e-05,9,3840,1280,instantiation,1
