index,time,kernel,dimension,blocksize,operation,cudagraph,
0,0.000305025,25,38400,7680,instantiation,1
1,0.000313812,25,38400,7680,instantiation,1
2,0.000307059,25,38400,7680,instantiation,1
3,0.000306969,25,38400,7680,instantiation,1
4,6.0965e-05,25,38400,7680,instantiation,1
5,0.000313381,25,38400,7680,instantiation,1
6,0.000289847,25,38400,7680,instantiation,1
7,0.000412167,25,38400,7680,instantiation,1
8,0.000315595,25,38400,7680,instantiation,1
9,6.4161e-05,25,38400,7680,instantiation,1
