index,time,kernel,dimension,blocksize,operation,cudagraph,
0,0.000162637,9,26880,8960,instantiation,1
1,2.6671e-05,9,26880,8960,instantiation,1
2,2.5488e-05,9,26880,8960,instantiation,1
3,0.000164832,9,26880,8960,instantiation,1
4,2.8123e-05,9,26880,8960,instantiation,1
5,2.4736e-05,9,26880,8960,instantiation,1
6,2.4626e-05,9,26880,8960,instantiation,1
7,0.000160783,9,26880,8960,instantiation,1
8,2.7953e-05,9,26880,8960,instantiation,1
9,2.3975e-05,9,26880,8960,instantiation,1
