index,time,kernel,dimension,blocksize,operation,cudagraph,
0,0.000156677,4,23040,11520,instantiation,1
1,1.5079e-05,4,23040,11520,instantiation,1
2,1.628e-05,4,23040,11520,instantiation,1
3,1.5199e-05,4,23040,11520,instantiation,1
4,1.9487e-05,4,23040,11520,instantiation,1
5,1.4998e-05,4,23040,11520,instantiation,1
6,1.6782e-05,4,23040,11520,instantiation,1
7,1.584e-05,4,23040,11520,instantiation,1
8,0.000162868,4,23040,11520,instantiation,1
9,1.5279e-05,4,23040,11520,instantiation,1
