index,time,kernel,dimension,blocksize,operation,cudagraph,
0,0.0820812,10000,6400,64,capture,1
1,0.0841073,10000,6400,64,capture,1
2,0.0837045,10000,6400,64,capture,1
3,0.0839829,10000,6400,64,capture,1
4,0.0838932,10000,6400,64,capture,1
5,0.0837788,10000,6400,64,capture,1
6,0.0839532,10000,6400,64,capture,1
7,0.0844723,10000,6400,64,capture,1
8,0.0837204,10000,6400,64,capture,1
9,0.0849309,10000,6400,64,capture,1
