index,time,kernel,dimension,blocksize,operation,cudagraph,
0,0.100091,10000,6400,64,instantiation,1
1,0.102668,10000,6400,64,instantiation,1
2,0.1028,10000,6400,64,instantiation,1
3,0.102606,10000,6400,64,instantiation,1
4,0.103594,10000,6400,64,instantiation,1
5,0.105307,10000,6400,64,instantiation,1
6,0.105821,10000,6400,64,instantiation,1
7,0.107238,10000,6400,64,instantiation,1
8,0.107003,10000,6400,64,instantiation,1
9,0.108873,10000,6400,64,instantiation,1
