index,time,kernel,dimension,blocksize,operation,cudagraph,
0,0.286704,25600,10240,64,instantiation,1
1,0.290104,25600,10240,64,instantiation,1
2,0.290434,25600,10240,64,instantiation,1
3,0.298547,25600,10240,64,instantiation,1
4,0.308415,25600,10240,64,instantiation,1
5,0.320683,25600,10240,64,instantiation,1
6,0.338883,25600,10240,64,instantiation,1
7,0.350699,25600,10240,64,instantiation,1
8,0.369612,25600,10240,64,instantiation,1
9,0.393,25600,10240,64,instantiation,1
