index,time,kernel,dimension,blocksize,operation,cudagraph,
0,0.00503269,676,33280,1280,capture,1
1,0.00564467,676,33280,1280,capture,1
2,0.00557565,676,33280,1280,capture,1
3,0.00557678,676,33280,1280,capture,1
4,0.0055898,676,33280,1280,capture,1
5,0.00559637,676,33280,1280,capture,1
6,0.00555909,676,33280,1280,capture,1
7,0.00567095,676,33280,1280,capture,1
8,0.00559716,676,33280,1280,capture,1
9,0.0056028,676,33280,1280,capture,1
