index,time,kernel,dimension,blocksize,operation,cudagraph,
0,0.137388,14400,30720,256,capture,1
1,0.137801,14400,30720,256,capture,1
2,0.138058,14400,30720,256,capture,1
3,0.137627,14400,30720,256,capture,1
4,0.138323,14400,30720,256,capture,1
5,0.137527,14400,30720,256,capture,1
6,0.137883,14400,30720,256,capture,1
7,0.137886,14400,30720,256,capture,1
8,0.137636,14400,30720,256,capture,1
9,0.138015,14400,30720,256,capture,1
