index,time,kernel,dimension,blocksize,operation,cudagraph,
0,0.0732964,8100,23040,256,capture,1
1,0.0754742,8100,23040,256,capture,1
2,0.0756008,8100,23040,256,capture,1
3,0.0754946,8100,23040,256,capture,1
4,0.0756145,8100,23040,256,capture,1
5,0.0754268,8100,23040,256,capture,1
6,0.0749375,8100,23040,256,capture,1
7,0.0757589,8100,23040,256,capture,1
8,0.0756551,8100,23040,256,capture,1
9,0.0755565,8100,23040,256,capture,1
