index,time,kernel,dimension,blocksize,operation,cudagraph,
0,0.243834,22500,19200,128,instantiation,1
1,0.246499,22500,19200,128,instantiation,1
2,0.248637,22500,19200,128,instantiation,1
3,0.253545,22500,19200,128,instantiation,1
4,0.257702,22500,19200,128,instantiation,1
5,0.26713,22500,19200,128,instantiation,1
6,0.279518,22500,19200,128,instantiation,1
7,0.28704,22500,19200,128,instantiation,1
8,0.300651,22500,19200,128,instantiation,1
9,0.325835,22500,19200,128,instantiation,1
