index,time,kernel,dimension,blocksize,operation,cudagraph,
0,0.305824,36100,24320,128,capture,1
1,0.303575,36100,24320,128,capture,1
2,0.30633,36100,24320,128,capture,1
3,0.305277,36100,24320,128,capture,1
4,0.305,36100,24320,128,capture,1
5,0.303575,36100,24320,128,capture,1
