index,time,kernel,dimension,blocksize,operation,cudagraph,
0,0.00080019,225,3840,256,instantiation,1
1,0.000792134,225,3840,256,instantiation,1
2,0.000774421,225,3840,256,instantiation,1
3,0.00105493,225,3840,256,instantiation,1
4,0.00116126,225,3840,256,instantiation,1
5,0.0011764,225,3840,256,instantiation,1
6,0.00114971,225,3840,256,instantiation,1
7,0.0011518,225,3840,256,instantiation,1
8,0.00218525,225,3840,256,instantiation,1
9,0.00112429,225,3840,256,instantiation,1
