index,time,kernel,dimension,blocksize,operation
0,0.0504419,6400,5120,64,capture
1,0.051893,6400,5120,64,capture
2,0.0518601,6400,5120,64,capture
3,0.0519098,6400,5120,64,capture
4,0.0519439,6400,5120,64,capture
5,0.0517998,6400,5120,64,capture
6,0.0517555,6400,5120,64,capture
7,0.0517836,6400,5120,64,capture
8,0.0520568,6400,5120,64,capture
9,0.0518174,6400,5120,64,capture
