index,time,kernel,dimension,blocksize,operation,cudagraph,
0,0.00198162,529,29440,1280,instantiation,1
1,0.00385923,529,29440,1280,instantiation,1
2,0.00262559,529,29440,1280,instantiation,1
3,0.00386528,529,29440,1280,instantiation,1
4,0.00266,529,29440,1280,instantiation,1
5,0.00395908,529,29440,1280,instantiation,1
6,0.00263407,529,29440,1280,instantiation,1
7,0.00390703,529,29440,1280,instantiation,1
8,0.00264736,529,29440,1280,instantiation,1
9,0.00414849,529,29440,1280,instantiation,1
