index,time,kernel,dimension,blocksize,operation,cudagraph,
0,0.0565738,7744,28160,320,instantiation,1
1,0.0571222,7744,28160,320,instantiation,1
2,0.0563682,7744,28160,320,instantiation,1
3,0.0576267,7744,28160,320,instantiation,1
4,0.0569029,7744,28160,320,instantiation,1
5,0.0578813,7744,28160,320,instantiation,1
6,0.0577942,7744,28160,320,instantiation,1
7,0.0570572,7744,28160,320,instantiation,1
8,0.0584233,7744,28160,320,instantiation,1
9,0.0577165,7744,28160,320,instantiation,1
