index,time,kernel,dimension,blocksize,operation
0,0.00326953,400,12800,640,capture
1,0.00337772,400,12800,640,capture
2,0.00342759,400,12800,640,capture
3,0.00342695,400,12800,640,capture
4,0.00342484,400,12800,640,capture
5,0.00337982,400,12800,640,capture
6,0.00338846,400,12800,640,capture
7,0.0034133,400,12800,640,capture
8,0.00344831,400,12800,640,capture
9,0.00345058,400,12800,640,capture
