index,time,kernel,dimension,blocksize,operation
0,0.00174986,400,12800,640,instantiation
1,0.00201119,400,12800,640,instantiation
2,0.00339472,400,12800,640,instantiation
3,0.00211614,400,12800,640,instantiation
4,0.00343028,400,12800,640,instantiation
5,0.00206678,400,12800,640,instantiation
6,0.00216565,400,12800,640,instantiation
7,0.00328695,400,12800,640,instantiation
8,0.00214762,400,12800,640,instantiation
9,0.00337666,400,12800,640,instantiation
