index,time,kernel,dimension,blocksize,operation
0,0.0146125,1600,10240,256,capture
1,0.0158595,1600,10240,256,capture
2,0.0158922,1600,10240,256,capture
3,0.0159541,1600,10240,256,capture
4,0.0159168,1600,10240,256,capture
5,0.0158304,1600,10240,256,capture
6,0.0158632,1600,10240,256,capture
7,0.0159096,1600,10240,256,capture
8,0.015839,1600,10240,256,capture
9,0.0159193,1600,10240,256,capture
