index,time,kernel,dimension,blocksize,operation
0,0.00921649,1600,10240,256,instantiation
1,0.0103609,1600,10240,256,instantiation
2,0.00941759,1600,10240,256,instantiation
3,0.0103879,1600,10240,256,instantiation
4,0.0095738,1600,10240,256,instantiation
5,0.0107144,1600,10240,256,instantiation
6,0.0104976,1600,10240,256,instantiation
7,0.00966347,1600,10240,256,instantiation
8,0.0106056,1600,10240,256,instantiation
9,0.00969293,1600,10240,256,instantiation
