index,time,kernel,dimension,blocksize,operation,cudagraph,
0,0.0371487,4096,20480,320,capture,1
1,0.0382898,4096,20480,320,capture,1
2,0.0384385,4096,20480,320,capture,1
3,0.0383973,4096,20480,320,capture,1
4,0.0382346,4096,20480,320,capture,1
5,0.0383293,4096,20480,320,capture,1
6,0.0380927,4096,20480,320,capture,1
7,0.0384582,4096,20480,320,capture,1
8,0.0383047,4096,20480,320,capture,1
9,0.038335,4096,20480,320,capture,1
