index,time,kernel,dimension,blocksize,operation,cudagraph,
0,0.0281133,4096,20480,320,instantiation,1
1,0.0281337,4096,20480,320,instantiation,1
2,0.0282874,4096,20480,320,instantiation,1
3,0.0284005,4096,20480,320,instantiation,1
4,0.0283107,4096,20480,320,instantiation,1
5,0.0280953,4096,20480,320,instantiation,1
6,0.0280269,4096,20480,320,instantiation,1
7,0.0283676,4096,20480,320,instantiation,1
8,0.0288719,4096,20480,320,instantiation,1
9,0.0287214,4096,20480,320,instantiation,1
