index,time,kernel,dimension,blocksize,operation,cudagraph,
0,0.000151816,4,23040,11520,instantiation,1
1,1.6201e-05,4,23040,11520,instantiation,1
2,1.6941e-05,4,23040,11520,instantiation,1
3,1.587e-05,4,23040,11520,instantiation,1
4,1.9978e-05,4,23040,11520,instantiation,1
5,1.4127e-05,4,23040,11520,instantiation,1
6,1.6451e-05,4,23040,11520,instantiation,1
7,1.4317e-05,4,23040,11520,instantiation,1
8,0.000165321,4,23040,11520,instantiation,1
9,1.5469e-05,4,23040,11520,instantiation,1
