index,time,kernel,dimension,blocksize,operation,cudagraph,
0,0.00168793,196,17920,1280,capture,1
1,0.00164752,196,17920,1280,capture,1
2,0.00161604,196,17920,1280,capture,1
3,0.00180906,196,17920,1280,capture,1
4,0.00179754,196,17920,1280,capture,1
5,0.00181202,196,17920,1280,capture,1
6,0.00176434,196,17920,1280,capture,1
7,0.0018314,196,17920,1280,capture,1
8,0.00181096,196,17920,1280,capture,1
9,0.0018144,196,17920,1280,capture,1
