index,time,kernel,dimension,blocksize,operation
0,0.00185094,225,19200,1280,capture
1,0.00206499,225,19200,1280,capture
2,0.00201869,225,19200,1280,capture
3,0.00203104,225,19200,1280,capture
4,0.00202272,225,19200,1280,capture
5,0.00200289,225,19200,1280,capture
6,0.00204153,225,19200,1280,capture
7,0.00206617,225,19200,1280,capture
8,0.00201881,225,19200,1280,capture
9,0.00205992,225,19200,1280,capture
