index,time,kernel,dimension,blocksize,operation
0,0.000937128,225,19200,1280,instantiation
1,0.00120548,225,19200,1280,instantiation
2,0.00117241,225,19200,1280,instantiation
3,0.00237141,225,19200,1280,instantiation
4,0.00118023,225,19200,1280,instantiation
5,0.00117692,225,19200,1280,instantiation
6,0.00116991,225,19200,1280,instantiation
7,0.00117435,225,19200,1280,instantiation
8,0.00243026,225,19200,1280,instantiation
9,0.00117141,225,19200,1280,instantiation
