index,time,kernel,dimension,blocksize,operation,cudagraph,
0,0.000486659,16,40960,10240,capture,1
1,0.000441222,16,40960,10240,capture,1
2,0.000462462,16,40960,10240,capture,1
3,0.000452935,16,40960,10240,capture,1
4,0.000437726,16,40960,10240,capture,1
5,0.000447715,16,40960,10240,capture,1
6,0.000395266,16,40960,10240,capture,1
7,0.000421165,16,40960,10240,capture,1
8,0.000435542,16,40960,10240,capture,1
9,0.000428308,16,40960,10240,capture,1
