index,time,kernel,dimension,blocksize,operation,cudagraph,
0,0.0467994,5184,23040,320,capture,1
1,0.0473884,5184,23040,320,capture,1
2,0.0475731,5184,23040,320,capture,1
3,0.047521,5184,23040,320,capture,1
4,0.0474635,5184,23040,320,capture,1
5,0.0475662,5184,23040,320,capture,1
6,0.0476798,5184,23040,320,capture,1
7,0.0477787,5184,23040,320,capture,1
8,0.0474031,5184,23040,320,capture,1
9,0.047554,5184,23040,320,capture,1
