index,time,kernel,dimension,blocksize,operation,cudagraph,
0,0.0362553,5184,23040,320,instantiation,1
1,0.0365397,5184,23040,320,instantiation,1
2,0.0365836,5184,23040,320,instantiation,1
3,0.036732,5184,23040,320,instantiation,1
4,0.0368601,5184,23040,320,instantiation,1
5,0.0367659,5184,23040,320,instantiation,1
6,0.0370246,5184,23040,320,instantiation,1
7,0.0368532,5184,23040,320,instantiation,1
8,0.0368766,5184,23040,320,instantiation,1
9,0.037556,5184,23040,320,instantiation,1
