index,time,kernel,dimension,blocksize,operation,cudagraph,
0,0.00227303,225,3840,256,capture,1
1,0.00220183,225,3840,256,capture,1
2,0.00220618,225,3840,256,capture,1
3,0.00219667,225,3840,256,capture,1
4,0.002371,225,3840,256,capture,1
5,0.00237409,225,3840,256,capture,1
6,0.002349,225,3840,256,capture,1
7,0.00239582,225,3840,256,capture,1
8,0.00242944,225,3840,256,capture,1
9,0.00238559,225,3840,256,capture,1
