index,time,kernel,dimension,blocksize,operation,cudagraph,
0,0.00308566,400,25600,1280,capture,1
1,0.00299946,400,25600,1280,capture,1
2,0.0033163,400,25600,1280,capture,1
3,0.00344672,400,25600,1280,capture,1
4,0.0033661,400,25600,1280,capture,1
5,0.00338289,400,25600,1280,capture,1
6,0.00333592,400,25600,1280,capture,1
7,0.00333812,400,25600,1280,capture,1
8,0.00341896,400,25600,1280,capture,1
9,0.00330776,400,25600,1280,capture,1
