index,time,kernel,dimension,blocksize,operation,cudagraph,
0,0.00140079,400,25600,1280,instantiation,1
1,0.00169323,400,25600,1280,instantiation,1
2,0.00323634,400,25600,1280,instantiation,1
3,0.0020222,400,25600,1280,instantiation,1
4,0.00324052,400,25600,1280,instantiation,1
5,0.0019889,400,25600,1280,instantiation,1
6,0.00202544,400,25600,1280,instantiation,1
7,0.00332484,400,25600,1280,instantiation,1
8,0.00202519,400,25600,1280,instantiation,1
9,0.00320271,400,25600,1280,instantiation,1
