index,time,kernel,dimension,blocksize,operation,cudagraph,
0,0.00735069,900,3840,128,capture,1
1,0.00736775,900,3840,128,capture,1
2,0.00738423,900,3840,128,capture,1
3,0.00741719,900,3840,128,capture,1
4,0.00739299,900,3840,128,capture,1
5,0.00736778,900,3840,128,capture,1
6,0.00732803,900,3840,128,capture,1
7,0.00740402,900,3840,128,capture,1
8,0.00736393,900,3840,128,capture,1
9,0.00736958,900,3840,128,capture,1
