index,time,kernel,dimension,blocksize,operation,cudagraph,
0,0.00664755,900,3840,128,instantiation,1
1,0.00791044,900,3840,128,instantiation,1
2,0.00794198,900,3840,128,instantiation,1
3,0.00780262,900,3840,128,instantiation,1
4,0.00791798,900,3840,128,instantiation,1
5,0.00790075,900,3840,128,instantiation,1
6,0.00799288,900,3840,128,instantiation,1
7,0.00803891,900,3840,128,instantiation,1
8,0.00823297,900,3840,128,instantiation,1
9,0.00723262,900,3840,128,instantiation,1
