index,time,kernel,dimension,blocksize,operation
0,0.00493069,625,32000,1280,capture
1,0.00467803,625,32000,1280,capture
2,0.00515934,625,32000,1280,capture
3,0.00511958,625,32000,1280,capture
4,0.00525384,625,32000,1280,capture
5,0.00518861,625,32000,1280,capture
6,0.00517269,625,32000,1280,capture
7,0.00523174,625,32000,1280,capture
8,0.00519875,625,32000,1280,capture
9,0.00522027,625,32000,1280,capture
