index,time,kernel,dimension,blocksize,operation
0,0.00217035,625,32000,1280,instantiation
1,0.00383696,625,32000,1280,instantiation
2,0.00312336,625,32000,1280,instantiation
3,0.00430175,625,32000,1280,instantiation
4,0.0042785,625,32000,1280,instantiation
5,0.00313098,625,32000,1280,instantiation
6,0.00438007,625,32000,1280,instantiation
7,0.00428355,625,32000,1280,instantiation
8,0.00313375,625,32000,1280,instantiation
9,0.00439851,625,32000,1280,instantiation
