index,time,kernel,dimension,blocksize,operation,cudagraph,
0,0.00982109,1296,23040,640,capture,1
1,0.0105549,1296,23040,640,capture,1
2,0.0106313,1296,23040,640,capture,1
3,0.0105506,1296,23040,640,capture,1
4,0.0106764,1296,23040,640,capture,1
5,0.0106062,1296,23040,640,capture,1
6,0.0105067,1296,23040,640,capture,1
7,0.0106133,1296,23040,640,capture,1
8,0.0105981,1296,23040,640,capture,1
9,0.0105762,1296,23040,640,capture,1
