index,time,kernel,dimension,blocksize,operation
0,0.0194181,2304,15360,320,capture
1,0.0213287,2304,15360,320,capture
2,0.0212985,2304,15360,320,capture
3,0.0213034,2304,15360,320,capture
4,0.0213085,2304,15360,320,capture
5,0.0211765,2304,15360,320,capture
6,0.0212993,2304,15360,320,capture
7,0.0212698,2304,15360,320,capture
8,0.02134,2304,15360,320,capture
9,0.0214113,2304,15360,320,capture
