index,time,kernel,dimension,blocksize,operation
0,0.0145263,2304,15360,320,instantiation
1,0.0146642,2304,15360,320,instantiation
2,0.0150262,2304,15360,320,instantiation
3,0.0160171,2304,15360,320,instantiation
4,0.0151582,2304,15360,320,instantiation
5,0.0147518,2304,15360,320,instantiation
6,0.0148571,2304,15360,320,instantiation
7,0.0158112,2304,15360,320,instantiation
8,0.0152407,2304,15360,320,instantiation
9,0.0148921,2304,15360,320,instantiation
