index,time,kernel,dimension,blocksize,operation,cudagraph,
0,0.000154171,4,25600,12800,instantiation,1
1,1.588e-05,4,25600,12800,instantiation,1
2,1.599e-05,4,25600,12800,instantiation,1
3,1.59e-05,4,25600,12800,instantiation,1
4,1.9768e-05,4,25600,12800,instantiation,1
5,1.632e-05,4,25600,12800,instantiation,1
6,1.7854e-05,4,25600,12800,instantiation,1
7,1.4487e-05,4,25600,12800,instantiation,1
8,0.000158118,4,25600,12800,instantiation,1
9,1.4597e-05,4,25600,12800,instantiation,1
