index,time,kernel,dimension,blocksize,operation,cudagraph,
0,0.00130949,144,15360,1280,capture,1
1,0.00127121,144,15360,1280,capture,1
2,0.00126288,144,15360,1280,capture,1
3,0.0012699,144,15360,1280,capture,1
4,0.00126105,144,15360,1280,capture,1
5,0.00123271,144,15360,1280,capture,1
6,0.0013641,144,15360,1280,capture,1
7,0.00160997,144,15360,1280,capture,1
8,0.00140062,144,15360,1280,capture,1
9,0.00142564,144,15360,1280,capture,1
