index,time,kernel,dimension,blocksize,operation
0,0.0847237,9025,24320,256,capture
1,0.0850251,9025,24320,256,capture
2,0.0851297,9025,24320,256,capture
3,0.0853181,9025,24320,256,capture
4,0.0850059,9025,24320,256,capture
5,0.0846522,9025,24320,256,capture
6,0.0851605,9025,24320,256,capture
7,0.084994,9025,24320,256,capture
8,0.0851036,9025,24320,256,capture
9,0.0851759,9025,24320,256,capture
