index,time,kernel,dimension,blocksize,operation,cudagraph,
0,0.0459291,6400,25600,320,instantiation,1
1,0.0459968,6400,25600,320,instantiation,1
2,0.0462386,6400,25600,320,instantiation,1
3,0.0467951,6400,25600,320,instantiation,1
4,0.0460196,6400,25600,320,instantiation,1
5,0.0463755,6400,25600,320,instantiation,1
6,0.0464,6400,25600,320,instantiation,1
7,0.0475062,6400,25600,320,instantiation,1
8,0.0462394,6400,25600,320,instantiation,1
9,0.0466509,6400,25600,320,instantiation,1
