index,time,kernel,dimension,blocksize,operation,cudagraph,
0,0.0856241,9216,30720,320,capture,1
1,0.0862363,9216,30720,320,capture,1
2,0.086623,9216,30720,320,capture,1
3,0.0863164,9216,30720,320,capture,1
4,0.0864242,9216,30720,320,capture,1
5,0.0867003,9216,30720,320,capture,1
6,0.0859266,9216,30720,320,capture,1
7,0.0862658,9216,30720,320,capture,1
8,0.0864427,9216,30720,320,capture,1
9,0.0865837,9216,30720,320,capture,1
