index,time,kernel,dimension,blocksize,operation,cudagraph,
0,0.068606,9216,30720,320,instantiation,1
1,0.0684554,9216,30720,320,instantiation,1
2,0.0691236,9216,30720,320,instantiation,1
3,0.0693018,9216,30720,320,instantiation,1
4,0.069394,9216,30720,320,instantiation,1
5,0.0692487,9216,30720,320,instantiation,1
6,0.0689324,9216,30720,320,instantiation,1
7,0.0694797,9216,30720,320,instantiation,1
8,0.0706459,9216,30720,320,instantiation,1
9,0.0712446,9216,30720,320,instantiation,1
