index,time,kernel,dimension,blocksize,operation
0,0.0222999,2500,12800,256,capture
1,0.0241092,2500,12800,256,capture
2,0.0240106,2500,12800,256,capture
3,0.0240493,2500,12800,256,capture
4,0.0239949,2500,12800,256,capture
5,0.0238042,2500,12800,256,capture
6,0.0239968,2500,12800,256,capture
7,0.0239683,2500,12800,256,capture
8,0.0241048,2500,12800,256,capture
9,0.0240249,2500,12800,256,capture
