index,time,kernel,dimension,blocksize,operation,cudagraph,
0,0.000822348,225,19200,1280,instantiation,1
1,0.00116116,225,19200,1280,instantiation,1
2,0.00116951,225,19200,1280,instantiation,1
3,0.00117951,225,19200,1280,instantiation,1
4,0.0011826,225,19200,1280,instantiation,1
5,0.00116579,225,19200,1280,instantiation,1
6,0.00119544,225,19200,1280,instantiation,1
7,0.0011956,225,19200,1280,instantiation,1
8,0.00249907,225,19200,1280,instantiation,1
9,0.00118359,225,19200,1280,instantiation,1
