index,time,kernel,dimension,blocksize,operation,cudagraph,
0,0.000599822,49,8960,1280,capture,1
1,0.000554356,49,8960,1280,capture,1
2,0.00061465,49,8960,1280,capture,1
3,0.000601115,49,8960,1280,capture,1
4,0.000605132,49,8960,1280,capture,1
5,0.000591436,49,8960,1280,capture,1
6,0.000571959,49,8960,1280,capture,1
7,0.000603279,49,8960,1280,capture,1
8,0.000591396,49,8960,1280,capture,1
9,0.000611695,49,8960,1280,capture,1
