index,time,kernel,dimension,blocksize,operation,cudagraph,
0,0.000276502,49,8960,1280,instantiation,1
1,0.000352866,49,8960,1280,instantiation,1
2,0.000413641,49,8960,1280,instantiation,1
3,0.000387191,49,8960,1280,instantiation,1
4,0.000422256,49,8960,1280,instantiation,1
5,0.000387621,49,8960,1280,instantiation,1
6,0.00038686,49,8960,1280,instantiation,1
7,0.000380849,49,8960,1280,instantiation,1
8,0.00037636,49,8960,1280,instantiation,1
9,0.000389064,49,8960,1280,instantiation,1
