index,time,kernel,dimension,blocksize,operation,cudagraph,
0,0.000175781,16,25600,6400,instantiation,1
1,3.6018e-05,16,25600,6400,instantiation,1
2,0.000180119,16,25600,6400,instantiation,1
3,3.3273e-05,16,25600,6400,instantiation,1
4,0.000179348,16,25600,6400,instantiation,1
5,3.2562e-05,16,25600,6400,instantiation,1
6,0.000152257,16,25600,6400,instantiation,1
7,3.4435e-05,16,25600,6400,instantiation,1
8,0.000178036,16,25600,6400,instantiation,1
9,3.4234e-05,16,25600,6400,instantiation,1
