index,time,kernel,dimension,blocksize,operation,cudagraph,
0,0.00272787,400,25600,1280,capture,1
1,0.00259881,400,25600,1280,capture,1
2,0.00248991,400,25600,1280,capture,1
3,0.00258588,400,25600,1280,capture,1
4,0.0025837,400,25600,1280,capture,1
5,0.0025207,400,25600,1280,capture,1
6,0.00253139,400,25600,1280,capture,1
7,0.00253106,400,25600,1280,capture,1
8,0.00253944,400,25600,1280,capture,1
9,0.00250913,400,25600,1280,capture,1
