index,time,kernel,dimension,blocksize,operation,cudagraph,
0,0.000881255,400,25600,1280,instantiation,1
1,0.00199415,400,25600,1280,instantiation,1
2,0.00304156,400,25600,1280,instantiation,1
3,0.00179147,400,25600,1280,instantiation,1
4,0.00313372,400,25600,1280,instantiation,1
5,0.00156412,400,25600,1280,instantiation,1
6,0.00327902,400,25600,1280,instantiation,1
7,0.00177343,400,25600,1280,instantiation,1
8,0.0018116,400,25600,1280,instantiation,1
9,0.00304925,400,25600,1280,instantiation,1
