index,time,kernel,dimension,blocksize,operation,cudagraph,
0,0.000430272,81,34560,3840,capture,1
1,0.000361823,81,34560,3840,capture,1
2,0.000364007,81,34560,3840,capture,1
3,0.000363707,81,34560,3840,capture,1
4,0.000361993,81,34560,3840,capture,1
5,0.000363115,81,34560,3840,capture,1
6,0.000361462,81,34560,3840,capture,1
7,0.000357174,81,34560,3840,capture,1
8,0.000358286,81,34560,3840,capture,1
9,0.000363426,81,34560,3840,capture,1
