index,time,kernel,dimension,blocksize,operation
0,0.0139852,1600,12800,320,capture
1,0.0151623,1600,12800,320,capture
2,0.0150495,1600,12800,320,capture
3,0.0149587,1600,12800,320,capture
4,0.0147806,1600,12800,320,capture
5,0.014984,1600,12800,320,capture
6,0.0150876,1600,12800,320,capture
7,0.0147229,1600,12800,320,capture
8,0.0150666,1600,12800,320,capture
9,0.0148978,1600,12800,320,capture
