index,time,kernel,dimension,blocksize,operation,cudagraph,
0,0.000469275,64,40960,5120,capture,1
1,0.000398131,64,40960,5120,capture,1
2,0.000389274,64,40960,5120,capture,1
3,0.000388292,64,40960,5120,capture,1
4,0.000389555,64,40960,5120,capture,1
5,0.00039217,64,40960,5120,capture,1
6,0.00039744,64,40960,5120,capture,1
7,0.000392891,64,40960,5120,capture,1
8,0.000392611,64,40960,5120,capture,1
9,0.000391077,64,40960,5120,capture,1
