index,time,kernel,dimension,blocksize,operation,cudagraph,
0,0.000319343,64,40960,5120,instantiation,1
1,0.000337477,64,40960,5120,instantiation,1
2,0.000357063,64,40960,5120,instantiation,1
3,0.00031854,64,40960,5120,instantiation,1
4,0.000337176,64,40960,5120,instantiation,1
5,0.000335363,64,40960,5120,instantiation,1
6,0.000314222,64,40960,5120,instantiation,1
7,0.000332157,64,40960,5120,instantiation,1
8,0.000338419,64,40960,5120,instantiation,1
9,0.000335583,64,40960,5120,instantiation,1
