index,time,kernel,dimension,blocksize,operation
0,0.000329902,16,2560,640,capture
1,0.000260953,16,2560,640,capture
2,0.000255432,16,2560,640,capture
3,0.000250943,16,2560,640,capture
4,0.000252005,16,2560,640,capture
5,0.000236466,16,2560,640,capture
6,0.000272293,16,2560,640,capture
7,0.000251284,16,2560,640,capture
8,0.000248589,16,2560,640,capture
9,0.000252086,16,2560,640,capture
