index,time,kernel,dimension,blocksize,operation
0,0.273217,32400,23040,128,capture
1,0.27741,32400,23040,128,capture
2,0.277046,32400,23040,128,capture
3,0.278077,32400,23040,128,capture
4,0.276698,32400,23040,128,capture
5,0.277981,32400,23040,128,capture
6,0.280617,32400,23040,128,capture
