index,time,kernel,dimension,blocksize,operation,cudagraph,
0,0.0142507,2304,30720,640,instantiation,1
1,0.0150211,2304,30720,640,instantiation,1
2,0.0147131,2304,30720,640,instantiation,1
3,0.0158798,2304,30720,640,instantiation,1
4,0.0149581,2304,30720,640,instantiation,1
5,0.0149374,2304,30720,640,instantiation,1
6,0.0152403,2304,30720,640,instantiation,1
7,0.0160674,2304,30720,640,instantiation,1
8,0.014994,2304,30720,640,instantiation,1
9,0.0150325,2304,30720,640,instantiation,1
