index,time,kernel,dimension,blocksize,operation,cudagraph,
0,0.411795,48400,14080,64,capture,1
1,0.412791,48400,14080,64,capture,1
2,0.414201,48400,14080,64,capture,1
3,0.414274,48400,14080,64,capture,1
4,0.41305,48400,14080,64,capture,1
5,0.409044,48400,14080,64,capture,1
