index,time,kernel,dimension,blocksize,operation,cudagraph,
0,0.0590015,6400,20480,256,capture,1
1,0.0600624,6400,20480,256,capture,1
2,0.0598439,6400,20480,256,capture,1
3,0.0600449,6400,20480,256,capture,1
4,0.0600409,6400,20480,256,capture,1
5,0.060169,6400,20480,256,capture,1
6,0.0598364,6400,20480,256,capture,1
7,0.0597498,6400,20480,256,capture,1
8,0.0600179,6400,20480,256,capture,1
9,0.0599406,6400,20480,256,capture,1
