index,time,kernel,dimension,blocksize,operation,cudagraph,
0,0.0455679,6400,20480,256,instantiation,1
1,0.0461718,6400,20480,256,instantiation,1
2,0.0457556,6400,20480,256,instantiation,1
3,0.0470602,6400,20480,256,instantiation,1
4,0.046278,6400,20480,256,instantiation,1
5,0.0463347,6400,20480,256,instantiation,1
6,0.0462647,6400,20480,256,instantiation,1
7,0.0473094,6400,20480,256,instantiation,1
8,0.0468974,6400,20480,256,instantiation,1
9,0.0469672,6400,20480,256,instantiation,1
