index,time,kernel,dimension,blocksize,operation
0,0.00144746,361,24320,1280,instantiation
1,0.00177352,361,24320,1280,instantiation
2,0.00302613,361,24320,1280,instantiation
3,0.001839,361,24320,1280,instantiation
4,0.00181626,361,24320,1280,instantiation
5,0.00303579,361,24320,1280,instantiation
6,0.00183152,361,24320,1280,instantiation
7,0.00300408,361,24320,1280,instantiation
8,0.00181221,361,24320,1280,instantiation
9,0.00181544,361,24320,1280,instantiation
