index,time,kernel,dimension,blocksize,operation,cudagraph,
0,0.000156836,4,2560,1280,instantiation,1
1,1.5409e-05,4,2560,1280,instantiation,1
2,1.1601e-05,4,2560,1280,instantiation,1
3,1.1903e-05,4,2560,1280,instantiation,1
4,1.4959e-05,4,2560,1280,instantiation,1
5,1.2103e-05,4,2560,1280,instantiation,1
6,1.2824e-05,4,2560,1280,instantiation,1
7,1.2113e-05,4,2560,1280,instantiation,1
8,0.000140746,4,2560,1280,instantiation,1
9,1.1291e-05,4,2560,1280,instantiation,1
