index,time,kernel,dimension,blocksize,operation
0,0.00165479,196,8960,640,capture
1,0.00172602,196,8960,640,capture
2,0.00174968,196,8960,640,capture
3,0.00174368,196,8960,640,capture
4,0.00172499,196,8960,640,capture
5,0.00172422,196,8960,640,capture
6,0.00173564,196,8960,640,capture
7,0.00174948,196,8960,640,capture
8,0.00173807,196,8960,640,capture
9,0.00172156,196,8960,640,capture
