index,time,kernel,dimension,blocksize,operation,cudagraph,
0,0.029635,4225,16640,256,instantiation,1
1,0.0295595,4225,16640,256,instantiation,1
2,0.0294301,4225,16640,256,instantiation,1
3,0.0296932,4225,16640,256,instantiation,1
4,0.0296252,4225,16640,256,instantiation,1
5,0.0295835,4225,16640,256,instantiation,1
6,0.030768,4225,16640,256,instantiation,1
7,0.0295682,4225,16640,256,instantiation,1
8,0.0296135,4225,16640,256,instantiation,1
9,0.0298265,4225,16640,256,instantiation,1
