index,time,kernel,dimension,blocksize,operation,cudagraph,
0,0.00338611,729,34560,1280,instantiation,1
1,0.00493689,729,34560,1280,instantiation,1
2,0.00480227,729,34560,1280,instantiation,1
3,0.00362215,729,34560,1280,instantiation,1
4,0.00496184,729,34560,1280,instantiation,1
5,0.00484234,729,34560,1280,instantiation,1
6,0.00481328,729,34560,1280,instantiation,1
7,0.00362038,729,34560,1280,instantiation,1
8,0.00505733,729,34560,1280,instantiation,1
9,0.0049737,729,34560,1280,instantiation,1
