index,time,kernel,dimension,blocksize,operation
0,0.000590384,49,8960,1280,capture
1,0.00054052,49,8960,1280,capture
2,0.000532204,49,8960,1280,capture
3,0.000533967,49,8960,1280,capture
4,0.000530752,49,8960,1280,capture
5,0.000510163,49,8960,1280,capture
6,0.000526493,49,8960,1280,capture
7,0.000533967,49,8960,1280,capture
8,0.00052973,49,8960,1280,capture
9,0.000530922,49,8960,1280,capture
