index,time,kernel,dimension,blocksize,operation,cudagraph,
0,0.000176322,16,35840,8960,capture,1
1,0.00011161,16,35840,8960,capture,1
2,0.000106661,16,35840,8960,capture,1
3,0.000107472,16,35840,8960,capture,1
4,0.000105489,16,35840,8960,capture,1
5,0.000106792,16,35840,8960,capture,1
6,0.00010559,16,35840,8960,capture,1
7,0.000111751,16,35840,8960,capture,1
8,0.000105118,16,35840,8960,capture,1
9,0.000106511,16,35840,8960,capture,1
