index,time,kernel,dimension,blocksize,operation,cudagraph,
0,0.0107629,1444,24320,640,capture,1
1,0.0117855,1444,24320,640,capture,1
2,0.0117784,1444,24320,640,capture,1
3,0.0118153,1444,24320,640,capture,1
4,0.0118625,1444,24320,640,capture,1
5,0.0118359,1444,24320,640,capture,1
6,0.011763,1444,24320,640,capture,1
7,0.0118077,1444,24320,640,capture,1
8,0.011786,1444,24320,640,capture,1
9,0.0117788,1444,24320,640,capture,1
