index,time,kernel,dimension,blocksize,operation,cudagraph,
0,0.0086697,1444,24320,640,instantiation,1
1,0.0088929,1444,24320,640,instantiation,1
2,0.00974794,1444,24320,640,instantiation,1
3,0.0088726,1444,24320,640,instantiation,1
4,0.0118597,1444,24320,640,instantiation,1
5,0.00887752,1444,24320,640,instantiation,1
6,0.009867,1444,24320,640,instantiation,1
7,0.008889,1444,24320,640,instantiation,1
8,0.00898868,1444,24320,640,instantiation,1
9,0.00998586,1444,24320,640,instantiation,1
