index,time,kernel,dimension,blocksize,operation,cudagraph,
0,0.12612,13225,29440,256,capture,1
1,0.126016,13225,29440,256,capture,1
2,0.126015,13225,29440,256,capture,1
3,0.126081,13225,29440,256,capture,1
4,0.125663,13225,29440,256,capture,1
5,0.126459,13225,29440,256,capture,1
6,0.125981,13225,29440,256,capture,1
7,0.126038,13225,29440,256,capture,1
8,0.126006,13225,29440,256,capture,1
9,0.126072,13225,29440,256,capture,1
