index,time,kernel,dimension,blocksize,operation,cudagraph,
0,0.000189738,25,19200,3840,capture,1
1,0.000117001,25,19200,3840,capture,1
2,0.000117291,25,19200,3840,capture,1
3,0.000117782,25,19200,3840,capture,1
4,0.000115878,25,19200,3840,capture,1
5,0.000129996,25,19200,3840,capture,1
6,0.000134704,25,19200,3840,capture,1
7,0.000133451,25,19200,3840,capture,1
8,0.000140184,25,19200,3840,capture,1
9,0.000136057,25,19200,3840,capture,1
