index,time,kernel,dimension,blocksize,operation,cudagraph,
0,0.000352294,9,38400,12800,capture,1
1,0.00031288,9,38400,12800,capture,1
2,0.000306678,9,38400,12800,capture,1
3,0.000323811,9,38400,12800,capture,1
4,0.000322548,9,38400,12800,capture,1
5,0.000324552,9,38400,12800,capture,1
6,0.000271402,9,38400,12800,capture,1
7,0.000322939,9,38400,12800,capture,1
8,0.000315305,9,38400,12800,capture,1
9,0.000331435,9,38400,12800,capture,1
