index,time,kernel,dimension,blocksize,operation,cudagraph,
0,0.000291139,9,38400,12800,instantiation,1
1,0.000279768,9,38400,12800,instantiation,1
2,5.2449e-05,9,38400,12800,instantiation,1
3,0.000308052,9,38400,12800,instantiation,1
4,5.6406e-05,9,38400,12800,instantiation,1
5,0.000281992,9,38400,12800,instantiation,1
6,5.2139e-05,9,38400,12800,instantiation,1
7,0.000283776,9,38400,12800,instantiation,1
8,0.000287091,9,38400,12800,instantiation,1
9,5.1477e-05,9,38400,12800,instantiation,1
