index,time,kernel,dimension,blocksize,operation
0,0.109282,13456,37120,320,capture
1,0.111203,13456,37120,320,capture
2,0.111032,13456,37120,320,capture
3,0.110945,13456,37120,320,capture
4,0.111026,13456,37120,320,capture
5,0.110654,13456,37120,320,capture
6,0.110986,13456,37120,320,capture
7,0.110946,13456,37120,320,capture
8,0.11138,13456,37120,320,capture
9,0.111163,13456,37120,320,capture
