index,time,kernel,dimension,blocksize,operation,cudagraph,
0,0.0698391,7744,28160,320,capture,1
1,0.0716631,7744,28160,320,capture,1
2,0.0718263,7744,28160,320,capture,1
3,0.0717568,7744,28160,320,capture,1
4,0.0716694,7744,28160,320,capture,1
5,0.0715148,7744,28160,320,capture,1
6,0.0713758,7744,28160,320,capture,1
7,0.071817,7744,28160,320,capture,1
8,0.0716744,7744,28160,320,capture,1
9,0.0717229,7744,28160,320,capture,1
