index,time,kernel,dimension,blocksize,operation,cudagraph,
0,0.0568487,7744,28160,320,instantiation,1
1,0.0577692,7744,28160,320,instantiation,1
2,0.0571152,7744,28160,320,instantiation,1
3,0.0581754,7744,28160,320,instantiation,1
4,0.0576962,7744,28160,320,instantiation,1
5,0.0578336,7744,28160,320,instantiation,1
6,0.0578325,7744,28160,320,instantiation,1
7,0.0576536,7744,28160,320,instantiation,1
8,0.058863,7744,28160,320,instantiation,1
9,0.0578301,7744,28160,320,instantiation,1
