index,time,kernel,dimension,blocksize,operation,cudagraph,
0,0.000357594,64,30720,3840,capture,1
1,0.000290107,64,30720,3840,capture,1
2,0.000293153,64,30720,3840,capture,1
3,0.000298253,64,30720,3840,capture,1
4,0.000290718,64,30720,3840,capture,1
5,0.000292001,64,30720,3840,capture,1
6,0.000289777,64,30720,3840,capture,1
7,0.000288955,64,30720,3840,capture,1
8,0.000355671,64,30720,3840,capture,1
9,0.000329492,64,30720,3840,capture,1
