index,time,kernel,dimension,blocksize,operation,cudagraph,
0,0.0222408,2916,34560,640,capture,1
1,0.023695,2916,34560,640,capture,1
2,0.0236866,2916,34560,640,capture,1
3,0.0236975,2916,34560,640,capture,1
4,0.0237655,2916,34560,640,capture,1
5,0.023729,2916,34560,640,capture,1
6,0.0235532,2916,34560,640,capture,1
7,0.0238406,2916,34560,640,capture,1
8,0.0237143,2916,34560,640,capture,1
9,0.0237502,2916,34560,640,capture,1
