index,time,kernel,dimension,blocksize,operation,cudagraph,
0,0.0186423,2916,34560,640,instantiation,1
1,0.0195289,2916,34560,640,instantiation,1
2,0.0195748,2916,34560,640,instantiation,1
3,0.0199331,2916,34560,640,instantiation,1
4,0.0197339,2916,34560,640,instantiation,1
5,0.0196027,2916,34560,640,instantiation,1
6,0.0203089,2916,34560,640,instantiation,1
7,0.0191483,2916,34560,640,instantiation,1
8,0.0201174,2916,34560,640,instantiation,1
9,0.0198818,2916,34560,640,instantiation,1
