index,time,kernel,dimension,blocksize,operation,cudagraph,
0,0.30648,36100,24320,128,capture,1
1,0.304734,36100,24320,128,capture,1
2,0.303478,36100,24320,128,capture,1
3,0.308173,36100,24320,128,capture,1
4,0.308456,36100,24320,128,capture,1
5,0.306073,36100,24320,128,capture,1
