index,time,kernel,dimension,blocksize,operation,cudagraph,
0,0.108748,11664,34560,320,capture,1
1,0.109056,11664,34560,320,capture,1
2,0.108391,11664,34560,320,capture,1
3,0.10929,11664,34560,320,capture,1
4,0.109067,11664,34560,320,capture,1
5,0.108746,11664,34560,320,capture,1
6,0.108511,11664,34560,320,capture,1
7,0.10917,11664,34560,320,capture,1
8,0.109574,11664,34560,320,capture,1
9,0.109045,11664,34560,320,capture,1
