index,time,kernel,dimension,blocksize,operation,cudagraph,
0,0.000367894,49,35840,5120,capture,1
1,0.000303503,49,35840,5120,capture,1
2,0.000300026,49,35840,5120,capture,1
3,0.000304114,49,35840,5120,capture,1
4,0.000303502,49,35840,5120,capture,1
5,0.00030254,49,35840,5120,capture,1
6,0.000307711,49,35840,5120,capture,1
7,0.000303162,49,35840,5120,capture,1
8,0.000309964,49,35840,5120,capture,1
9,0.000305667,49,35840,5120,capture,1
