index,time,kernel,dimension,blocksize,operation,cudagraph,
0,0.000319733,64,5120,640,instantiation,1
1,0.000305236,64,5120,640,instantiation,1
2,0.000301429,64,5120,640,instantiation,1
3,0.000313041,64,5120,640,instantiation,1
4,0.00030764,64,5120,640,instantiation,1
5,0.000300988,64,5120,640,instantiation,1
6,0.000298653,64,5120,640,instantiation,1
7,0.000299746,64,5120,640,instantiation,1
8,0.000309123,64,5120,640,instantiation,1
9,0.000304665,64,5120,640,instantiation,1
