index,time,kernel,dimension,blocksize,operation,cudagraph,
0,0.000906871,169,33280,2560,capture,1
1,0.000834383,169,33280,2560,capture,1
2,0.000820908,169,33280,2560,capture,1
3,0.000815618,169,33280,2560,capture,1
4,0.000817913,169,33280,2560,capture,1
5,0.00082161,169,33280,2560,capture,1
6,0.000820107,169,33280,2560,capture,1
7,0.000817993,169,33280,2560,capture,1
8,0.000807484,169,33280,2560,capture,1
9,0.000932459,169,33280,2560,capture,1
