index,time,kernel,dimension,blocksize,operation
0,0.302913,36100,24320,128,capture
1,0.304377,36100,24320,128,capture
2,0.306408,36100,24320,128,capture
3,0.303687,36100,24320,128,capture
4,0.305159,36100,24320,128,capture
5,0.306635,36100,24320,128,capture
