index,time,kernel,dimension,blocksize,operation,cudagraph,
0,0.000257846,4,38400,19200,instantiation,1
1,1.6181e-05,4,38400,19200,instantiation,1
2,1.5479e-05,4,38400,19200,instantiation,1
3,1.4337e-05,4,38400,19200,instantiation,1
4,1.7183e-05,4,38400,19200,instantiation,1
5,1.601e-05,4,38400,19200,instantiation,1
6,1.5419e-05,4,38400,19200,instantiation,1
7,1.6061e-05,4,38400,19200,instantiation,1
8,0.000269989,4,38400,19200,instantiation,1
9,1.559e-05,4,38400,19200,instantiation,1
