index,time,kernel,dimension,blocksize,operation,cudagraph,
0,0.0177339,2304,30720,640,capture,1
1,0.0186345,2304,30720,640,capture,1
2,0.0186014,2304,30720,640,capture,1
3,0.0185454,2304,30720,640,capture,1
4,0.0186641,2304,30720,640,capture,1
5,0.0186313,2304,30720,640,capture,1
6,0.0187008,2304,30720,640,capture,1
7,0.0185888,2304,30720,640,capture,1
8,0.0187168,2304,30720,640,capture,1
9,0.0185645,2304,30720,640,capture,1
