index,time,kernel,dimension,blocksize,operation,cudagraph,
0,0.0517944,5625,19200,256,capture,1
1,0.052874,5625,19200,256,capture,1
2,0.0530302,5625,19200,256,capture,1
3,0.0529419,5625,19200,256,capture,1
4,0.0529078,5625,19200,256,capture,1
5,0.0529287,5625,19200,256,capture,1
6,0.0527062,5625,19200,256,capture,1
7,0.053368,5625,19200,256,capture,1
8,0.0535537,5625,19200,256,capture,1
9,0.0528677,5625,19200,256,capture,1
