index,time,kernel,dimension,blocksize,operation,cudagraph,
0,0.0745272,10000,25600,256,instantiation,1
1,0.0750565,10000,25600,256,instantiation,1
2,0.0751804,10000,25600,256,instantiation,1
3,0.0754194,10000,25600,256,instantiation,1
4,0.0746065,10000,25600,256,instantiation,1
5,0.0747681,10000,25600,256,instantiation,1
6,0.0749574,10000,25600,256,instantiation,1
7,0.0759793,10000,25600,256,instantiation,1
8,0.0758942,10000,25600,256,instantiation,1
9,0.0749471,10000,25600,256,instantiation,1
