index,time,kernel,dimension,blocksize,operation
0,0.0115418,1225,8960,256,capture
1,0.0123078,1225,8960,256,capture
2,0.0121339,1225,8960,256,capture
3,0.0121415,1225,8960,256,capture
4,0.0121562,1225,8960,256,capture
5,0.0121308,1225,8960,256,capture
6,0.012113,1225,8960,256,capture
7,0.0121397,1225,8960,256,capture
8,0.0121611,1225,8960,256,capture
9,0.0121339,1225,8960,256,capture
