index,time,kernel,dimension,blocksize,operation,cudagraph,
0,0.000960241,100,6400,640,capture,1
1,0.000936427,100,6400,640,capture,1
2,0.000893937,100,6400,640,capture,1
3,0.000892374,100,6400,640,capture,1
4,0.000900379,100,6400,640,capture,1
5,0.000933,100,6400,640,capture,1
6,0.000885731,100,6400,640,capture,1
7,0.000875051,100,6400,640,capture,1
8,0.00100274,100,6400,640,capture,1
9,0.00104562,100,6400,640,capture,1
