index,time,kernel,dimension,blocksize,operation,cudagraph,
0,0.000366471,64,30720,3840,capture,1
1,0.000294926,64,30720,3840,capture,1
2,0.00029177,64,30720,3840,capture,1
3,0.00029154,64,30720,3840,capture,1
4,0.000298393,64,30720,3840,capture,1
5,0.000298022,64,30720,3840,capture,1
6,0.00029145,64,30720,3840,capture,1
7,0.000292352,64,30720,3840,capture,1
8,0.000289857,64,30720,3840,capture,1
9,0.000287823,64,30720,3840,capture,1
