index,time,kernel,dimension,blocksize,operation,cudagraph,
0,0.000273125,64,30720,3840,instantiation,1
1,0.000285479,64,30720,3840,instantiation,1
2,0.00030749,64,30720,3840,instantiation,1
3,0.000281921,64,30720,3840,instantiation,1
4,0.000280399,64,30720,3840,instantiation,1
5,0.000277804,64,30720,3840,instantiation,1
6,0.00024924,64,30720,3840,instantiation,1
7,0.000276481,64,30720,3840,instantiation,1
8,0.000270159,64,30720,3840,instantiation,1
9,0.000295197,64,30720,3840,instantiation,1
