index,time,kernel,dimension,blocksize,operation,cudagraph,
0,0.161339,16900,33280,256,capture,1
1,0.162369,16900,33280,256,capture,1
2,0.162576,16900,33280,256,capture,1
3,0.16272,16900,33280,256,capture,1
4,0.163332,16900,33280,256,capture,1
5,0.162457,16900,33280,256,capture,1
6,0.162052,16900,33280,256,capture,1
7,0.162249,16900,33280,256,capture,1
8,0.162185,16900,33280,256,capture,1
9,0.162775,16900,33280,256,capture,1
