index,time,kernel,dimension,blocksize,operation,cudagraph,
0,0.031709,4624,21760,320,instantiation,1
1,0.0329859,4624,21760,320,instantiation,1
2,0.0322978,4624,21760,320,instantiation,1
3,0.0330545,4624,21760,320,instantiation,1
4,0.0325152,4624,21760,320,instantiation,1
5,0.0332346,4624,21760,320,instantiation,1
6,0.0325219,4624,21760,320,instantiation,1
7,0.0334076,4624,21760,320,instantiation,1
8,0.0325592,4624,21760,320,instantiation,1
9,0.0332769,4624,21760,320,instantiation,1
