index,time,kernel,dimension,blocksize,operation
0,0.0508461,6400,10240,128,capture
1,0.0516347,6400,10240,128,capture
2,0.0516152,6400,10240,128,capture
3,0.051707,6400,10240,128,capture
4,0.051465,6400,10240,128,capture
5,0.0514273,6400,10240,128,capture
6,0.051529,6400,10240,128,capture
7,0.0516958,6400,10240,128,capture
8,0.0517039,6400,10240,128,capture
9,0.0518545,6400,10240,128,capture
