index,time,kernel,dimension,blocksize,operation
0,0.00186857,529,29440,1280,instantiation
1,0.00384816,529,29440,1280,instantiation
2,0.00280931,529,29440,1280,instantiation
3,0.0039022,529,29440,1280,instantiation
4,0.00267232,529,29440,1280,instantiation
5,0.00382233,529,29440,1280,instantiation
6,0.00267084,529,29440,1280,instantiation
7,0.00381831,529,29440,1280,instantiation
8,0.00262852,529,29440,1280,instantiation
9,0.00386079,529,29440,1280,instantiation
