index,time,kernel,dimension,blocksize,operation,cudagraph,
0,0.00248506,576,30720,1280,instantiation,1
1,0.00414982,576,30720,1280,instantiation,1
2,0.00289634,576,30720,1280,instantiation,1
3,0.00416068,576,30720,1280,instantiation,1
4,0.00291234,576,30720,1280,instantiation,1
5,0.00416422,576,30720,1280,instantiation,1
6,0.00401818,576,30720,1280,instantiation,1
7,0.00288885,576,30720,1280,instantiation,1
8,0.00417689,576,30720,1280,instantiation,1
9,0.00293193,576,30720,1280,instantiation,1
