index,time,kernel,dimension,blocksize,operation
0,0.0240222,3600,19200,320,instantiation
1,0.0252739,3600,19200,320,instantiation
2,0.0241012,3600,19200,320,instantiation
3,0.0254391,3600,19200,320,instantiation
4,0.0238888,3600,19200,320,instantiation
5,0.0253492,3600,19200,320,instantiation
6,0.024463,3600,19200,320,instantiation
7,0.0252325,3600,19200,320,instantiation
8,0.0247623,3600,19200,320,instantiation
9,0.0255333,3600,19200,320,instantiation
