index,time,kernel,dimension,blocksize,operation,cudagraph,
0,0.139715,16900,16640,128,capture,1
1,0.140557,16900,16640,128,capture,1
2,0.140867,16900,16640,128,capture,1
3,0.141213,16900,16640,128,capture,1
4,0.13886,16900,16640,128,capture,1
5,0.141288,16900,16640,128,capture,1
6,0.14087,16900,16640,128,capture,1
7,0.13938,16900,16640,128,capture,1
8,0.138848,16900,16640,128,capture,1
9,0.140989,16900,16640,128,capture,1
