index,time,kernel,dimension,blocksize,operation
0,0.00042421,25,1280,256,capture
1,0.000320905,25,1280,256,capture
2,0.000312159,25,1280,256,capture
3,0.000347145,25,1280,256,capture
4,0.000363415,25,1280,256,capture
5,0.00033936,25,1280,256,capture
6,0.00034996,25,1280,256,capture
7,0.000348047,25,1280,256,capture
8,0.000361672,25,1280,256,capture
9,0.000346964,25,1280,256,capture
