index,time,kernel,dimension,blocksize,operation
0,0.00397391,484,14080,640,capture
1,0.00399885,484,14080,640,capture
2,0.00405256,484,14080,640,capture
3,0.00401567,484,14080,640,capture
4,0.00399611,484,14080,640,capture
5,0.00398017,484,14080,640,capture
6,0.00403479,484,14080,640,capture
7,0.00400499,484,14080,640,capture
8,0.00401775,484,14080,640,capture
9,0.00401918,484,14080,640,capture
