index,time,kernel,dimension,blocksize,operation,cudagraph,
0,0.102133,11025,26880,256,capture,1
1,0.103687,11025,26880,256,capture,1
2,0.103872,11025,26880,256,capture,1
3,0.103564,11025,26880,256,capture,1
4,0.103692,11025,26880,256,capture,1
5,0.104271,11025,26880,256,capture,1
6,0.103762,11025,26880,256,capture,1
7,0.103866,11025,26880,256,capture,1
8,0.104012,11025,26880,256,capture,1
9,0.103816,11025,26880,256,capture,1
