index,time,kernel,dimension,blocksize,operation,cudagraph,
0,0.081907,11025,26880,256,instantiation,1
1,0.0837569,11025,26880,256,instantiation,1
2,0.0843467,11025,26880,256,instantiation,1
3,0.0843289,11025,26880,256,instantiation,1
4,0.0922902,11025,26880,256,instantiation,1
5,0.0854591,11025,26880,256,instantiation,1
6,0.0862229,11025,26880,256,instantiation,1
7,0.0857281,11025,26880,256,instantiation,1
8,0.0852656,11025,26880,256,instantiation,1
9,0.0844081,11025,26880,256,instantiation,1
