index,time,kernel,dimension,blocksize,operation,cudagraph,
0,0.000295347,36,38400,6400,capture,1
1,0.000226808,36,38400,6400,capture,1
2,0.000225105,36,38400,6400,capture,1
3,0.000221728,36,38400,6400,capture,1
4,0.000221458,36,38400,6400,capture,1
5,0.0002227,36,38400,6400,capture,1
6,0.000223261,36,38400,6400,capture,1
7,0.000226988,36,38400,6400,capture,1
8,0.000223452,36,38400,6400,capture,1
9,0.000221988,36,38400,6400,capture,1
