index,time,kernel,dimension,blocksize,operation,cudagraph,
0,0.101474,13225,29440,256,instantiation,1
1,0.100512,13225,29440,256,instantiation,1
2,0.101299,13225,29440,256,instantiation,1
3,0.101461,13225,29440,256,instantiation,1
4,0.100302,13225,29440,256,instantiation,1
5,0.101684,13225,29440,256,instantiation,1
6,0.102899,13225,29440,256,instantiation,1
7,0.103173,13225,29440,256,instantiation,1
8,0.103627,13225,29440,256,instantiation,1
9,0.103049,13225,29440,256,instantiation,1
