index,time,kernel,dimension,blocksize,operation,cudagraph,
0,0.000199707,16,10240,2560,instantiation,1
1,4.3271e-05,16,10240,2560,instantiation,1
2,0.000242087,16,10240,2560,instantiation,1
3,4.0056e-05,16,10240,2560,instantiation,1
4,0.000219735,16,10240,2560,instantiation,1
5,4.281e-05,16,10240,2560,instantiation,1
6,0.000182744,16,10240,2560,instantiation,1
7,3.6168e-05,16,10240,2560,instantiation,1
8,0.000244121,16,10240,2560,instantiation,1
9,3.4875e-05,16,10240,2560,instantiation,1
