index,time,kernel,dimension,blocksize,operation,cudagraph,
0,0.000181212,16,30720,7680,instantiation,1
1,3.8593e-05,16,30720,7680,instantiation,1
2,0.000198004,16,30720,7680,instantiation,1
3,4.6247e-05,16,30720,7680,instantiation,1
4,0.00018537,16,30720,7680,instantiation,1
5,3.9986e-05,16,30720,7680,instantiation,1
6,0.000160322,16,30720,7680,instantiation,1
7,3.9384e-05,16,30720,7680,instantiation,1
8,0.000222841,16,30720,7680,instantiation,1
9,3.9585e-05,16,30720,7680,instantiation,1
