index,time,kernel,dimension,blocksize,operation,cudagraph,
0,0.000166835,16,20480,5120,instantiation,1
1,3.4645e-05,16,20480,5120,instantiation,1
2,0.000167756,16,20480,5120,instantiation,1
3,3.1459e-05,16,20480,5120,instantiation,1
4,0.000177575,16,20480,5120,instantiation,1
5,3.1018e-05,16,20480,5120,instantiation,1
6,0.000145805,16,20480,5120,instantiation,1
7,3.2711e-05,16,20480,5120,instantiation,1
8,0.000206029,16,20480,5120,instantiation,1
9,5.294e-05,16,20480,5120,instantiation,1
