index,time,kernel,dimension,blocksize,operation,cudagraph,
0,0.0521595,7225,21760,256,instantiation,1
1,0.052396,7225,21760,256,instantiation,1
2,0.0530334,7225,21760,256,instantiation,1
3,0.0528226,7225,21760,256,instantiation,1
4,0.0528162,7225,21760,256,instantiation,1
5,0.0529466,7225,21760,256,instantiation,1
6,0.0530096,7225,21760,256,instantiation,1
7,0.053342,7225,21760,256,instantiation,1
8,0.0540642,7225,21760,256,instantiation,1
9,0.0535049,7225,21760,256,instantiation,1
