index,time,kernel,dimension,blocksize,operation,cudagraph,
0,0.000374337,81,23040,2560,capture,1
1,0.000305777,81,23040,2560,capture,1
2,0.000303773,81,23040,2560,capture,1
3,0.000303042,81,23040,2560,capture,1
4,0.000304344,81,23040,2560,capture,1
5,0.000305476,81,23040,2560,capture,1
6,0.000297291,81,23040,2560,capture,1
7,0.000318201,81,23040,2560,capture,1
8,0.000371161,81,23040,2560,capture,1
9,0.000358045,81,23040,2560,capture,1
