index,time,kernel,dimension,blocksize,operation,cudagraph,
0,0.000330393,81,23040,2560,instantiation,1
1,0.000329371,81,23040,2560,instantiation,1
2,0.000361682,81,23040,2560,instantiation,1
3,0.000364347,81,23040,2560,instantiation,1
4,0.000365379,81,23040,2560,instantiation,1
5,0.000330874,81,23040,2560,instantiation,1
6,0.000326255,81,23040,2560,instantiation,1
7,0.000494954,81,23040,2560,instantiation,1
8,0.000489343,81,23040,2560,instantiation,1
9,0.00169331,81,23040,2560,instantiation,1
