index,time,kernel,dimension,blocksize,operation,cudagraph,
0,0.00536003,676,16640,640,capture,1
1,0.00565968,676,16640,640,capture,1
2,0.00567382,676,16640,640,capture,1
3,0.00566293,676,16640,640,capture,1
4,0.00565643,676,16640,640,capture,1
5,0.00566377,676,16640,640,capture,1
6,0.00563413,676,16640,640,capture,1
7,0.00566831,676,16640,640,capture,1
8,0.00564261,676,16640,640,capture,1
9,0.00568919,676,16640,640,capture,1
