index,time,kernel,dimension,blocksize,operation,cudagraph,
0,0.23832,28900,21760,128,capture,1
1,0.239811,28900,21760,128,capture,1
2,0.242967,28900,21760,128,capture,1
3,0.241458,28900,21760,128,capture,1
4,0.240507,28900,21760,128,capture,1
5,0.244693,28900,21760,128,capture,1
6,0.243597,28900,21760,128,capture,1
7,0.240856,28900,21760,128,capture,1
