index,time,kernel,dimension,blocksize,operation,cudagraph,
0,0.000297191,49,26880,3840,capture,1
1,0.000224714,49,26880,3840,capture,1
2,0.000231587,49,26880,3840,capture,1
3,0.000226026,49,26880,3840,capture,1
4,0.000223752,49,26880,3840,capture,1
5,0.000224443,49,26880,3840,capture,1
6,0.000225636,49,26880,3840,capture,1
7,0.000227138,49,26880,3840,capture,1
8,0.000222109,49,26880,3840,capture,1
9,0.000226328,49,26880,3840,capture,1
