index,time,kernel,dimension,blocksize,operation,cudagraph,
0,0.000237628,49,26880,3840,instantiation,1
1,0.000237438,49,26880,3840,instantiation,1
2,0.000239733,49,26880,3840,instantiation,1
3,0.000273747,49,26880,3840,instantiation,1
4,0.000242447,49,26880,3840,instantiation,1
5,0.000240334,49,26880,3840,instantiation,1
6,0.000210858,49,26880,3840,instantiation,1
7,0.000234052,49,26880,3840,instantiation,1
8,0.000232138,49,26880,3840,instantiation,1
9,0.000232518,49,26880,3840,instantiation,1
