index,time,kernel,dimension,blocksize,operation,cudagraph,
0,0.016278,2116,29440,640,capture,1
1,0.0171195,2116,29440,640,capture,1
2,0.0171038,2116,29440,640,capture,1
3,0.0171142,2116,29440,640,capture,1
4,0.0170794,2116,29440,640,capture,1
5,0.0171801,2116,29440,640,capture,1
6,0.016938,2116,29440,640,capture,1
7,0.0171205,2116,29440,640,capture,1
8,0.017063,2116,29440,640,capture,1
9,0.0171728,2116,29440,640,capture,1
