index,time,kernel,dimension,blocksize,operation,cudagraph,
0,0.0136274,2116,29440,640,instantiation,1
1,0.0140426,2116,29440,640,instantiation,1
2,0.0138834,2116,29440,640,instantiation,1
3,0.0140128,2116,29440,640,instantiation,1
4,0.0137374,2116,29440,640,instantiation,1
5,0.0138014,2116,29440,640,instantiation,1
6,0.014134,2116,29440,640,instantiation,1
7,0.0138494,2116,29440,640,instantiation,1
8,0.0141779,2116,29440,640,instantiation,1
9,0.0139337,2116,29440,640,instantiation,1
