index,time,kernel,dimension,blocksize,operation,cudagraph,
0,0.00036591,49,35840,5120,capture,1
1,0.00029714,49,35840,5120,capture,1
2,0.000296269,49,35840,5120,capture,1
3,0.00030215,49,35840,5120,capture,1
4,0.000297871,49,35840,5120,capture,1
5,0.000300336,49,35840,5120,capture,1
6,0.000304976,49,35840,5120,capture,1
7,0.000300076,49,35840,5120,capture,1
8,0.000300246,49,35840,5120,capture,1
9,0.000300517,49,35840,5120,capture,1
