index,time,kernel,dimension,blocksize,operation,cudagraph,
0,0.000233932,49,35840,5120,instantiation,1
1,0.000225145,49,35840,5120,instantiation,1
2,0.000228421,49,35840,5120,instantiation,1
3,0.000250823,49,35840,5120,instantiation,1
4,0.0002436,49,35840,5120,instantiation,1
5,0.000275641,49,35840,5120,instantiation,1
6,0.000217701,49,35840,5120,instantiation,1
7,0.000230896,49,35840,5120,instantiation,1
8,0.000239582,49,35840,5120,instantiation,1
9,0.000244431,49,35840,5120,instantiation,1
