index,time,kernel,dimension,blocksize,operation,cudagraph,
0,0.00025422,49,17920,2560,capture,1
1,0.000187574,49,17920,2560,capture,1
2,0.000184789,49,17920,2560,capture,1
3,0.000182715,49,17920,2560,capture,1
4,0.000187043,49,17920,2560,capture,1
5,0.000193194,49,17920,2560,capture,1
6,0.000191381,49,17920,2560,capture,1
7,0.000187794,49,17920,2560,capture,1
8,0.000190519,49,17920,2560,capture,1
9,0.000189478,49,17920,2560,capture,1
