index,time,kernel,dimension,blocksize,operation,cudagraph,
0,0.0011848,225,38400,2560,instantiation,1
1,0.00320588,225,38400,2560,instantiation,1
2,0.0017075,225,38400,2560,instantiation,1
3,0.00169564,225,38400,2560,instantiation,1
4,0.00324254,225,38400,2560,instantiation,1
5,0.00170213,225,38400,2560,instantiation,1
6,0.00317551,225,38400,2560,instantiation,1
7,0.00169027,225,38400,2560,instantiation,1
8,0.00329531,225,38400,2560,instantiation,1
9,0.00171056,225,38400,2560,instantiation,1
