index,time,kernel,dimension,blocksize,operation,cudagraph,
0,0.00370997,484,28160,1280,capture,1
1,0.0040692,484,28160,1280,capture,1
2,0.00407067,484,28160,1280,capture,1
3,0.00415579,484,28160,1280,capture,1
4,0.00413388,484,28160,1280,capture,1
5,0.0040913,484,28160,1280,capture,1
6,0.0040109,484,28160,1280,capture,1
7,0.00408635,484,28160,1280,capture,1
8,0.00412554,484,28160,1280,capture,1
9,0.00407747,484,28160,1280,capture,1
