index,time,kernel,dimension,blocksize,operation,cudagraph,
0,0.00234038,484,28160,1280,instantiation,1
1,0.00361642,484,28160,1280,instantiation,1
2,0.00238754,484,28160,1280,instantiation,1
3,0.00366025,484,28160,1280,instantiation,1
4,0.00241115,484,28160,1280,instantiation,1
5,0.00239941,484,28160,1280,instantiation,1
6,0.00381661,484,28160,1280,instantiation,1
7,0.00236927,484,28160,1280,instantiation,1
8,0.00365638,484,28160,1280,instantiation,1
9,0.00241844,484,28160,1280,instantiation,1
