index,time,kernel,dimension,blocksize,operation,cudagraph,
0,0.00148771,169,16640,1280,capture,1
1,0.00142588,169,16640,1280,capture,1
2,0.00142921,169,16640,1280,capture,1
3,0.00142744,169,16640,1280,capture,1
4,0.00141138,169,16640,1280,capture,1
5,0.00161355,169,16640,1280,capture,1
6,0.00154601,169,16640,1280,capture,1
7,0.00160793,169,16640,1280,capture,1
8,0.00157889,169,16640,1280,capture,1
9,0.00157549,169,16640,1280,capture,1
