index,time,kernel,dimension,blocksize,operation,cudagraph,
0,0.00310187,400,25600,1280,capture,1
1,0.00298376,400,25600,1280,capture,1
2,0.00293363,400,25600,1280,capture,1
3,0.00335546,400,25600,1280,capture,1
4,0.00334285,400,25600,1280,capture,1
5,0.00333821,400,25600,1280,capture,1
6,0.00335302,400,25600,1280,capture,1
7,0.00335043,400,25600,1280,capture,1
8,0.00335355,400,25600,1280,capture,1
9,0.0033405,400,25600,1280,capture,1
