index,time,kernel,dimension,blocksize,operation,cudagraph,
0,0.00158284,400,25600,1280,instantiation,1
1,0.00137058,400,25600,1280,instantiation,1
2,0.0032473,400,25600,1280,instantiation,1
3,0.00201865,400,25600,1280,instantiation,1
4,0.00324852,400,25600,1280,instantiation,1
5,0.00202247,400,25600,1280,instantiation,1
6,0.0020192,400,25600,1280,instantiation,1
7,0.0032341,400,25600,1280,instantiation,1
8,0.00201752,400,25600,1280,instantiation,1
9,0.00322631,400,25600,1280,instantiation,1
