index,time,kernel,dimension,blocksize,operation,cudagraph,
0,0.00189529,225,19200,1280,capture,1
1,0.00185431,225,19200,1280,capture,1
2,0.00207936,225,19200,1280,capture,1
3,0.00206784,225,19200,1280,capture,1
4,0.00202976,225,19200,1280,capture,1
5,0.00208964,225,19200,1280,capture,1
6,0.0020454,225,19200,1280,capture,1
7,0.00213611,225,19200,1280,capture,1
8,0.00208618,225,19200,1280,capture,1
9,0.0020777,225,19200,1280,capture,1
