index,time,kernel,dimension,blocksize,operation
0,0.000169951,16,1280,320,capture
1,0.000103796,16,1280,320,capture
2,0.000101321,16,1280,320,capture
3,0.000108164,16,1280,320,capture
4,0.00010066,16,1280,320,capture
5,0.000103365,16,1280,320,capture
6,0.00010064,16,1280,320,capture
7,0.000102363,16,1280,320,capture
8,0.00010589,16,1280,320,capture
9,0.000103214,16,1280,320,capture
