index,time,kernel,dimension,blocksize,operation
0,0.00019594,16,1280,320,instantiation
1,3.6829e-05,16,1280,320,instantiation
2,0.000161745,16,1280,320,instantiation
3,3.4705e-05,16,1280,320,instantiation
4,0.000156315,16,1280,320,instantiation
5,3.6268e-05,16,1280,320,instantiation
6,0.0001535,16,1280,320,instantiation
7,3.5157e-05,16,1280,320,instantiation
8,0.000154241,16,1280,320,instantiation
9,3.3443e-05,16,1280,320,instantiation
