index,time,kernel,dimension,blocksize,operation,cudagraph,
0,0.121524,14400,7680,64,capture,1
1,0.121726,14400,7680,64,capture,1
2,0.122194,14400,7680,64,capture,1
3,0.122041,14400,7680,64,capture,1
4,0.121446,14400,7680,64,capture,1
5,0.122016,14400,7680,64,capture,1
6,0.121826,14400,7680,64,capture,1
7,0.122041,14400,7680,64,capture,1
8,0.121426,14400,7680,64,capture,1
9,0.12168,14400,7680,64,capture,1
