index,time,kernel,dimension,blocksize,operation,cudagraph,
0,0.149901,14400,7680,64,instantiation,1
1,0.151304,14400,7680,64,instantiation,1
2,0.153611,14400,7680,64,instantiation,1
3,0.155452,14400,7680,64,instantiation,1
4,0.15585,14400,7680,64,instantiation,1
5,0.158172,14400,7680,64,instantiation,1
6,0.159437,14400,7680,64,instantiation,1
7,0.164178,14400,7680,64,instantiation,1
8,0.166252,14400,7680,64,instantiation,1
9,0.169192,14400,7680,64,instantiation,1
