index,time,kernel,dimension,blocksize,operation,cudagraph,
0,0.00129619,225,38400,2560,instantiation,1
1,0.00313508,225,38400,2560,instantiation,1
2,0.00166849,225,38400,2560,instantiation,1
3,0.00168102,225,38400,2560,instantiation,1
4,0.00318639,225,38400,2560,instantiation,1
5,0.00169746,225,38400,2560,instantiation,1
6,0.00316196,225,38400,2560,instantiation,1
7,0.00170535,225,38400,2560,instantiation,1
8,0.0031611,225,38400,2560,instantiation,1
9,0.0016933,225,38400,2560,instantiation,1
