index,time,kernel,dimension,blocksize,operation,cudagraph,
0,0.02086,2304,15360,320,capture,1
1,0.0216237,2304,15360,320,capture,1
2,0.0216153,2304,15360,320,capture,1
3,0.0216023,2304,15360,320,capture,1
4,0.0216353,2304,15360,320,capture,1
5,0.0215822,2304,15360,320,capture,1
6,0.0214932,2304,15360,320,capture,1
7,0.0216162,2304,15360,320,capture,1
8,0.0216602,2304,15360,320,capture,1
9,0.0215608,2304,15360,320,capture,1
