index,time,kernel,dimension,blocksize,operation
0,0.00519944,676,33280,1280,capture
1,0.00555498,676,33280,1280,capture
2,0.00556029,676,33280,1280,capture
3,0.00553736,676,33280,1280,capture
4,0.00557747,676,33280,1280,capture
5,0.00561384,676,33280,1280,capture
6,0.00562146,676,33280,1280,capture
7,0.00555526,676,33280,1280,capture
8,0.00558663,676,33280,1280,capture
9,0.00561037,676,33280,1280,capture
