index,time,kernel,dimension,blocksize,operation
0,0.00299417,676,33280,1280,instantiation
1,0.00449173,676,33280,1280,instantiation
2,0.00451428,676,33280,1280,instantiation
3,0.00335699,676,33280,1280,instantiation
4,0.00460793,676,33280,1280,instantiation
5,0.00455617,676,33280,1280,instantiation
6,0.00332674,676,33280,1280,instantiation
7,0.00466327,676,33280,1280,instantiation
8,0.00452434,676,33280,1280,instantiation
9,0.00329316,676,33280,1280,instantiation
