index,time,kernel,dimension,blocksize,operation,cudagraph,
0,0.0820144,10816,33280,320,instantiation,1
1,0.081496,10816,33280,320,instantiation,1
2,0.0809969,10816,33280,320,instantiation,1
3,0.082261,10816,33280,320,instantiation,1
4,0.0820297,10816,33280,320,instantiation,1
5,0.0831072,10816,33280,320,instantiation,1
6,0.0834647,10816,33280,320,instantiation,1
7,0.0831021,10816,33280,320,instantiation,1
8,0.0842324,10816,33280,320,instantiation,1
9,0.0834846,10816,33280,320,instantiation,1
