index,time,kernel,dimension,blocksize,operation,cudagraph,
0,0.000978175,100,1280,128,capture,1
1,0.00086409,100,1280,128,capture,1
2,0.000862026,100,1280,128,capture,1
3,0.000865533,100,1280,128,capture,1
4,0.000858069,100,1280,128,capture,1
5,0.000846687,100,1280,128,capture,1
6,0.000935865,100,1280,128,capture,1
7,0.000950323,100,1280,128,capture,1
8,0.000945994,100,1280,128,capture,1
9,0.000972064,100,1280,128,capture,1
