index,time,kernel,dimension,blocksize,operation,cudagraph,
0,0.0997186,10816,33280,320,capture,1
1,0.101247,10816,33280,320,capture,1
2,0.100998,10816,33280,320,capture,1
3,0.101849,10816,33280,320,capture,1
4,0.10118,10816,33280,320,capture,1
5,0.101179,10816,33280,320,capture,1
6,0.100983,10816,33280,320,capture,1
7,0.101117,10816,33280,320,capture,1
8,0.101337,10816,33280,320,capture,1
9,0.101229,10816,33280,320,capture,1
