index,time,kernel,dimension,blocksize,operation,cudagraph,
0,0.083166,9025,24320,256,capture,1
1,0.0852834,9025,24320,256,capture,1
2,0.0852754,9025,24320,256,capture,1
3,0.0852815,9025,24320,256,capture,1
4,0.0855115,9025,24320,256,capture,1
5,0.0850984,9025,24320,256,capture,1
6,0.0852417,9025,24320,256,capture,1
7,0.0852851,9025,24320,256,capture,1
8,0.0854012,9025,24320,256,capture,1
9,0.0857956,9025,24320,256,capture,1
