index,time,kernel,dimension,blocksize,operation,cudagraph,
0,0.000148981,4,20480,10240,instantiation,1
1,1.4687e-05,4,20480,10240,instantiation,1
2,2.115e-05,4,20480,10240,instantiation,1
3,1.4237e-05,4,20480,10240,instantiation,1
4,1.9397e-05,4,20480,10240,instantiation,1
5,1.5389e-05,4,20480,10240,instantiation,1
6,1.3966e-05,4,20480,10240,instantiation,1
7,1.5129e-05,4,20480,10240,instantiation,1
8,0.000152839,4,20480,10240,instantiation,1
9,1.3596e-05,4,20480,10240,instantiation,1
