index,time,kernel,dimension,blocksize,operation
0,0.00297256,784,8960,320,instantiation
1,0.00506794,784,8960,320,instantiation
2,0.0049975,784,8960,320,instantiation
3,0.00499422,784,8960,320,instantiation
4,0.00390498,784,8960,320,instantiation
5,0.00510858,784,8960,320,instantiation
6,0.00505002,784,8960,320,instantiation
7,0.0050207,784,8960,320,instantiation
8,0.00502125,784,8960,320,instantiation
9,0.00391028,784,8960,320,instantiation
