index,time,kernel,dimension,blocksize,operation,cudagraph,
0,0.117087,14400,15360,128,capture,1
1,0.119341,14400,15360,128,capture,1
2,0.118497,14400,15360,128,capture,1
3,0.118488,14400,15360,128,capture,1
4,0.118829,14400,15360,128,capture,1
5,0.118552,14400,15360,128,capture,1
6,0.118131,14400,15360,128,capture,1
7,0.118068,14400,15360,128,capture,1
8,0.11862,14400,15360,128,capture,1
9,0.118287,14400,15360,128,capture,1
