index,time,kernel,dimension,blocksize,operation
0,0.00251863,576,30720,1280,instantiation
1,0.00404835,576,30720,1280,instantiation
2,0.00289603,576,30720,1280,instantiation
3,0.0040299,576,30720,1280,instantiation
4,0.00288148,576,30720,1280,instantiation
5,0.00416465,576,30720,1280,instantiation
6,0.00399286,576,30720,1280,instantiation
7,0.0028821,576,30720,1280,instantiation
8,0.00422587,576,30720,1280,instantiation
9,0.00284841,576,30720,1280,instantiation
