index,time,kernel,dimension,blocksize,operation,cudagraph,
0,0.0950646,10000,25600,256,capture,1
1,0.0952965,10000,25600,256,capture,1
2,0.0951377,10000,25600,256,capture,1
3,0.0951994,10000,25600,256,capture,1
4,0.0958291,10000,25600,256,capture,1
5,0.0950027,10000,25600,256,capture,1
6,0.0948922,10000,25600,256,capture,1
7,0.0950039,10000,25600,256,capture,1
8,0.0947935,10000,25600,256,capture,1
9,0.0951225,10000,25600,256,capture,1
