index,time,kernel,dimension,blocksize,operation,cudagraph,
0,0.00127326,100,38400,3840,capture,1
1,0.00125164,100,38400,3840,capture,1
2,0.00132671,100,38400,3840,capture,1
3,0.00134683,100,38400,3840,capture,1
4,0.00133525,100,38400,3840,capture,1
5,0.00134856,100,38400,3840,capture,1
6,0.00126717,100,38400,3840,capture,1
7,0.00132197,100,38400,3840,capture,1
8,0.00130842,100,38400,3840,capture,1
9,0.0013669,100,38400,3840,capture,1
