index,time,kernel,dimension,blocksize,operation,cudagraph,
0,0.00236268,225,38400,2560,capture,1
1,0.00230537,225,38400,2560,capture,1
2,0.00239873,225,38400,2560,capture,1
3,0.0024215,225,38400,2560,capture,1
4,0.00235923,225,38400,2560,capture,1
5,0.00238748,225,38400,2560,capture,1
6,0.00230523,225,38400,2560,capture,1
7,0.00243867,225,38400,2560,capture,1
8,0.0023638,225,38400,2560,capture,1
9,0.00241741,225,38400,2560,capture,1
