index,time,kernel,dimension,blocksize,operation,cudagraph,
0,0.010179,1764,26880,640,instantiation,1
1,0.0114246,1764,26880,640,instantiation,1
2,0.0114239,1764,26880,640,instantiation,1
3,0.0114588,1764,26880,640,instantiation,1
4,0.0106295,1764,26880,640,instantiation,1
5,0.011858,1764,26880,640,instantiation,1
6,0.0117009,1764,26880,640,instantiation,1
7,0.0104891,1764,26880,640,instantiation,1
8,0.0115861,1764,26880,640,instantiation,1
9,0.0120883,1764,26880,640,instantiation,1
