index,time,kernel,dimension,blocksize,operation,cudagraph,
0,0.0376368,4225,16640,256,capture,1
1,0.0393395,4225,16640,256,capture,1
2,0.0392549,4225,16640,256,capture,1
3,0.0392529,4225,16640,256,capture,1
4,0.039295,4225,16640,256,capture,1
5,0.0392766,4225,16640,256,capture,1
6,0.0390546,4225,16640,256,capture,1
7,0.0391526,4225,16640,256,capture,1
8,0.0392156,4225,16640,256,capture,1
9,0.0391288,4225,16640,256,capture,1
