index,time,kernel,dimension,blocksize,operation,cudagraph,
0,0.134502,14400,30720,256,capture,1
1,0.135524,14400,30720,256,capture,1
2,0.135279,14400,30720,256,capture,1
3,0.135431,14400,30720,256,capture,1
4,0.135691,14400,30720,256,capture,1
5,0.136006,14400,30720,256,capture,1
6,0.135159,14400,30720,256,capture,1
7,0.135391,14400,30720,256,capture,1
8,0.136052,14400,30720,256,capture,1
9,0.135663,14400,30720,256,capture,1
