index,time,kernel,dimension,blocksize,operation,cudagraph,
0,0.0583696,8100,23040,256,instantiation,1
1,0.0594312,8100,23040,256,instantiation,1
2,0.0587837,8100,23040,256,instantiation,1
3,0.0601119,8100,23040,256,instantiation,1
4,0.059108,8100,23040,256,instantiation,1
5,0.060105,8100,23040,256,instantiation,1
6,0.0594841,8100,23040,256,instantiation,1
7,0.0608501,8100,23040,256,instantiation,1
8,0.0609038,8100,23040,256,instantiation,1
9,0.0602877,8100,23040,256,instantiation,1
