index,time,kernel,dimension,blocksize,operation
0,0.0199807,2500,32000,640,capture
1,0.0202007,2500,32000,640,capture
2,0.0202048,2500,32000,640,capture
3,0.0202527,2500,32000,640,capture
4,0.0201749,2500,32000,640,capture
5,0.0201315,2500,32000,640,capture
6,0.0201897,2500,32000,640,capture
7,0.020344,2500,32000,640,capture
8,0.0203123,2500,32000,640,capture
9,0.0203509,2500,32000,640,capture
