index,time,kernel,dimension,blocksize,operation,cudagraph,
0,0.166113,19600,35840,256,capture,1
1,0.167839,19600,35840,256,capture,1
2,0.166846,19600,35840,256,capture,1
3,0.168277,19600,35840,256,capture,1
4,0.168005,19600,35840,256,capture,1
5,0.167255,19600,35840,256,capture,1
6,0.16575,19600,35840,256,capture,1
7,0.165938,19600,35840,256,capture,1
8,0.167265,19600,35840,256,capture,1
