index,time,kernel,dimension,blocksize,operation
0,0.00850462,900,7680,256,capture
1,0.00889714,900,7680,256,capture
2,0.00896188,900,7680,256,capture
3,0.00889248,900,7680,256,capture
4,0.00888787,900,7680,256,capture
5,0.00890901,900,7680,256,capture
6,0.00893779,900,7680,256,capture
7,0.00892875,900,7680,256,capture
8,0.00890458,900,7680,256,capture
9,0.00891666,900,7680,256,capture
