index,time,kernel,dimension,blocksize,operation,cudagraph,
0,0.0463626,6400,20480,256,instantiation,1
1,0.0464787,6400,20480,256,instantiation,1
2,0.0468471,6400,20480,256,instantiation,1
3,0.0508174,6400,20480,256,instantiation,1
4,0.0469386,6400,20480,256,instantiation,1
5,0.0462529,6400,20480,256,instantiation,1
6,0.0468467,6400,20480,256,instantiation,1
7,0.0474434,6400,20480,256,instantiation,1
8,0.0468274,6400,20480,256,instantiation,1
9,0.0467793,6400,20480,256,instantiation,1
