index,time,kernel,dimension,blocksize,operation,cudagraph,
0,0.0648594,8100,11520,128,capture,1
1,0.0670334,8100,11520,128,capture,1
2,0.0668312,8100,11520,128,capture,1
3,0.0668587,8100,11520,128,capture,1
4,0.0670218,8100,11520,128,capture,1
5,0.067038,8100,11520,128,capture,1
6,0.0667231,8100,11520,128,capture,1
7,0.0670875,8100,11520,128,capture,1
8,0.0669341,8100,11520,128,capture,1
9,0.067086,8100,11520,128,capture,1
