index,time,kernel,dimension,blocksize,operation,cudagraph,
0,0.00479638,625,32000,1280,capture,1
1,0.00515673,625,32000,1280,capture,1
2,0.00518114,625,32000,1280,capture,1
3,0.00518011,625,32000,1280,capture,1
4,0.00529532,625,32000,1280,capture,1
5,0.00515522,625,32000,1280,capture,1
6,0.00523307,625,32000,1280,capture,1
7,0.00525475,625,32000,1280,capture,1
8,0.00522894,625,32000,1280,capture,1
9,0.0051792,625,32000,1280,capture,1
