index,time,kernel,dimension,blocksize,operation
0,0.0038479,400,5120,256,capture
1,0.00377354,400,5120,256,capture
2,0.00405465,400,5120,256,capture
3,0.00409072,400,5120,256,capture
4,0.00408791,400,5120,256,capture
5,0.00406877,400,5120,256,capture
6,0.00409504,400,5120,256,capture
7,0.00407573,400,5120,256,capture
8,0.00408161,400,5120,256,capture
9,0.0041721,400,5120,256,capture
