index,time,kernel,dimension,blocksize,operation
0,0.00153714,400,5120,256,instantiation
1,0.00133603,400,5120,256,instantiation
2,0.00311666,400,5120,256,instantiation
3,0.00199469,400,5120,256,instantiation
4,0.00309089,400,5120,256,instantiation
5,0.00199506,400,5120,256,instantiation
6,0.00196795,400,5120,256,instantiation
7,0.00311746,400,5120,256,instantiation
8,0.00200525,400,5120,256,instantiation
9,0.0030822,400,5120,256,instantiation
