index,time,kernel,dimension,blocksize,operation,cudagraph,
0,0.00515086,1024,20480,640,instantiation,1
1,0.00632796,1024,20480,640,instantiation,1
2,0.0063488,1024,20480,640,instantiation,1
3,0.00639212,1024,20480,640,instantiation,1
4,0.00646989,1024,20480,640,instantiation,1
5,0.00642047,1024,20480,640,instantiation,1
6,0.00649817,1024,20480,640,instantiation,1
7,0.00645071,1024,20480,640,instantiation,1
8,0.00640868,1024,20480,640,instantiation,1
9,0.006503,1024,20480,640,instantiation,1
