index,time,kernel,dimension,blocksize,operation,cudagraph,
0,0.0893069,11664,34560,320,instantiation,1
1,0.0889819,11664,34560,320,instantiation,1
2,0.0892226,11664,34560,320,instantiation,1
3,0.0894747,11664,34560,320,instantiation,1
4,0.0903456,11664,34560,320,instantiation,1
5,0.0894213,11664,34560,320,instantiation,1
6,0.0898604,11664,34560,320,instantiation,1
7,0.0911917,11664,34560,320,instantiation,1
8,0.0900824,11664,34560,320,instantiation,1
9,0.0915989,11664,34560,320,instantiation,1
