index,time,kernel,dimension,blocksize,operation,cudagraph,
0,0.0887565,11664,34560,320,instantiation,1
1,0.0885299,11664,34560,320,instantiation,1
2,0.0896975,11664,34560,320,instantiation,1
3,0.0884651,11664,34560,320,instantiation,1
4,0.0883092,11664,34560,320,instantiation,1
5,0.0882441,11664,34560,320,instantiation,1
6,0.0879346,11664,34560,320,instantiation,1
7,0.0903329,11664,34560,320,instantiation,1
8,0.0895851,11664,34560,320,instantiation,1
9,0.0910371,11664,34560,320,instantiation,1
