index,time,kernel,dimension,blocksize,operation,cudagraph,
0,0.120568,15625,32000,256,instantiation,1
1,0.121029,15625,32000,256,instantiation,1
2,0.121464,15625,32000,256,instantiation,1
3,0.120777,15625,32000,256,instantiation,1
4,0.122581,15625,32000,256,instantiation,1
5,0.12123,15625,32000,256,instantiation,1
6,0.122771,15625,32000,256,instantiation,1
7,0.12577,15625,32000,256,instantiation,1
8,0.125286,15625,32000,256,instantiation,1
9,0.125625,15625,32000,256,instantiation,1
