index,time,kernel,dimension,blocksize,operation,cudagraph,
0,0.178481,21025,37120,256,capture,1
1,0.179224,21025,37120,256,capture,1
2,0.180649,21025,37120,256,capture,1
3,0.181411,21025,37120,256,capture,1
4,0.179626,21025,37120,256,capture,1
5,0.179863,21025,37120,256,capture,1
6,0.181446,21025,37120,256,capture,1
