index,time,kernel,dimension,blocksize,operation,cudagraph,
0,0.172399,21025,37120,256,instantiation,1
1,0.172694,21025,37120,256,instantiation,1
2,0.170533,21025,37120,256,instantiation,1
3,0.175818,21025,37120,256,instantiation,1
4,0.177082,21025,37120,256,instantiation,1
5,0.187533,21025,37120,256,instantiation,1
