index,time,kernel,dimension,blocksize,operation,cudagraph,
0,0.115614,12100,28160,256,capture,1
1,0.115522,12100,28160,256,capture,1
2,0.116037,12100,28160,256,capture,1
3,0.115846,12100,28160,256,capture,1
4,0.115905,12100,28160,256,capture,1
5,0.115874,12100,28160,256,capture,1
6,0.116167,12100,28160,256,capture,1
7,0.115967,12100,28160,256,capture,1
8,0.115965,12100,28160,256,capture,1
9,0.115956,12100,28160,256,capture,1
