index,time,kernel,dimension,blocksize,operation,cudagraph,
0,0.00745299,784,8960,320,capture,1
1,0.00805092,784,8960,320,capture,1
2,0.00828674,784,8960,320,capture,1
3,0.00810193,784,8960,320,capture,1
4,0.00798043,784,8960,320,capture,1
5,0.00800626,784,8960,320,capture,1
6,0.00811743,784,8960,320,capture,1
7,0.00799522,784,8960,320,capture,1
8,0.0080036,784,8960,320,capture,1
9,0.00800741,784,8960,320,capture,1
