index,time,kernel,dimension,blocksize,operation,cudagraph,
0,0.0275584,3600,7680,128,capture,1
1,0.0294137,3600,7680,128,capture,1
2,0.0291251,3600,7680,128,capture,1
3,0.0293433,3600,7680,128,capture,1
4,0.0290382,3600,7680,128,capture,1
5,0.0291136,3600,7680,128,capture,1
6,0.0288949,3600,7680,128,capture,1
7,0.0291485,3600,7680,128,capture,1
8,0.0291033,3600,7680,128,capture,1
9,0.0293247,3600,7680,128,capture,1
