index,time,kernel,dimension,blocksize,operation,cudagraph,
0,0.0332626,3600,7680,128,instantiation,1
1,0.0342562,3600,7680,128,instantiation,1
2,0.0336317,3600,7680,128,instantiation,1
3,0.0337722,3600,7680,128,instantiation,1
4,0.0337078,3600,7680,128,instantiation,1
5,0.0338663,3600,7680,128,instantiation,1
6,0.0344596,3600,7680,128,instantiation,1
7,0.0337075,3600,7680,128,instantiation,1
8,0.0346685,3600,7680,128,instantiation,1
9,0.0345291,3600,7680,128,instantiation,1
