index,time,kernel,dimension,blocksize,operation,cudagraph,
0,0.403829,48400,28160,128,capture,1
1,0.40465,48400,28160,128,capture,1
2,0.405297,48400,28160,128,capture,1
3,0.406472,48400,28160,128,capture,1
