index,time,kernel,dimension,blocksize,operation,cudagraph,
0,0.000878126,169,33280,2560,capture,1
1,0.000812963,169,33280,2560,capture,1
2,0.000810308,169,33280,2560,capture,1
3,0.000819937,169,33280,2560,capture,1
4,0.000809517,169,33280,2560,capture,1
5,0.000933051,169,33280,2560,capture,1
6,0.000924835,169,33280,2560,capture,1
7,0.000923983,169,33280,2560,capture,1
8,0.000963909,169,33280,2560,capture,1
9,0.000935344,169,33280,2560,capture,1
