index,time,kernel,dimension,blocksize,operation,cudagraph,
0,0.000441593,25,1280,256,capture,1
1,0.000325013,25,1280,256,capture,1
2,0.000325644,25,1280,256,capture,1
3,0.000334611,25,1280,256,capture,1
4,0.00033948,25,1280,256,capture,1
5,0.0003339,25,1280,256,capture,1
6,0.000327317,25,1280,256,capture,1
7,0.000338028,25,1280,256,capture,1
8,0.000333789,25,1280,256,capture,1
9,0.000334511,25,1280,256,capture,1
