index,time,kernel,dimension,blocksize,operation,cudagraph,
0,0.000160573,9,26880,8960,instantiation,1
1,2.8082e-05,9,26880,8960,instantiation,1
2,2.7191e-05,9,26880,8960,instantiation,1
3,0.000170145,9,26880,8960,instantiation,1
4,3.2109e-05,9,26880,8960,instantiation,1
5,2.6249e-05,9,26880,8960,instantiation,1
6,2.5738e-05,9,26880,8960,instantiation,1
7,0.000162222,9,26880,8960,instantiation,1
8,2.9685e-05,9,26880,8960,instantiation,1
9,2.7381e-05,9,26880,8960,instantiation,1
