index,time,kernel,dimension,blocksize,operation,cudagraph,
0,0.101481,11025,26880,256,capture,1
1,0.103213,11025,26880,256,capture,1
2,0.10338,11025,26880,256,capture,1
3,0.103512,11025,26880,256,capture,1
4,0.103421,11025,26880,256,capture,1
5,0.103572,11025,26880,256,capture,1
6,0.103055,11025,26880,256,capture,1
7,0.103329,11025,26880,256,capture,1
8,0.103545,11025,26880,256,capture,1
9,0.103367,11025,26880,256,capture,1
