index,time,kernel,dimension,blocksize,operation
0,0.0921512,10000,25600,256,capture
1,0.0931449,10000,25600,256,capture
2,0.0930819,10000,25600,256,capture
3,0.0939335,10000,25600,256,capture
4,0.0933546,10000,25600,256,capture
5,0.0933291,10000,25600,256,capture
6,0.0932642,10000,25600,256,capture
7,0.0936302,10000,25600,256,capture
8,0.093336,10000,25600,256,capture
9,0.0931542,10000,25600,256,capture
