index,time,kernel,dimension,blocksize,operation,cudagraph,
0,0.0032894,784,35840,1280,instantiation,1
1,0.00515006,784,35840,1280,instantiation,1
2,0.00524528,784,35840,1280,instantiation,1
3,0.00519124,784,35840,1280,instantiation,1
4,0.00392957,784,35840,1280,instantiation,1
5,0.00547285,784,35840,1280,instantiation,1
6,0.00524773,784,35840,1280,instantiation,1
7,0.00521042,784,35840,1280,instantiation,1
8,0.0052273,784,35840,1280,instantiation,1
9,0.0039525,784,35840,1280,instantiation,1
