index,time,kernel,dimension,blocksize,operation,cudagraph,
0,0.0193689,2500,32000,640,capture,1
1,0.0201693,2500,32000,640,capture,1
2,0.0202151,2500,32000,640,capture,1
3,0.0202162,2500,32000,640,capture,1
4,0.0202486,2500,32000,640,capture,1
5,0.0202358,2500,32000,640,capture,1
6,0.0200509,2500,32000,640,capture,1
7,0.0201797,2500,32000,640,capture,1
8,0.0201456,2500,32000,640,capture,1
9,0.0201759,2500,32000,640,capture,1
