index,time,kernel,dimension,blocksize,operation
0,0.119068,14400,15360,128,capture
1,0.118606,14400,15360,128,capture
2,0.118869,14400,15360,128,capture
3,0.118473,14400,15360,128,capture
4,0.119226,14400,15360,128,capture
5,0.11861,14400,15360,128,capture
6,0.119256,14400,15360,128,capture
7,0.118595,14400,15360,128,capture
8,0.119479,14400,15360,128,capture
9,0.118565,14400,15360,128,capture
