index,time,kernel,dimension,blocksize,operation,cudagraph,
0,0.00324326,729,34560,1280,instantiation,1
1,0.00489838,729,34560,1280,instantiation,1
2,0.00491514,729,34560,1280,instantiation,1
3,0.00363639,729,34560,1280,instantiation,1
4,0.00492255,729,34560,1280,instantiation,1
5,0.00495229,729,34560,1280,instantiation,1
6,0.0049703,729,34560,1280,instantiation,1
7,0.00367514,729,34560,1280,instantiation,1
8,0.00501897,729,34560,1280,instantiation,1
9,0.00493275,729,34560,1280,instantiation,1
