index,time,kernel,dimension,blocksize,operation,cudagraph,
0,0.000427226,81,34560,3840,capture,1
1,0.000352144,81,34560,3840,capture,1
2,0.000361061,81,34560,3840,capture,1
3,0.000414522,81,34560,3840,capture,1
4,0.000421716,81,34560,3840,capture,1
5,0.00039754,81,34560,3840,capture,1
6,0.000393533,81,34560,3840,capture,1
7,0.00042394,81,34560,3840,capture,1
8,0.000433187,81,34560,3840,capture,1
9,0.000418319,81,34560,3840,capture,1
