index,time,kernel,dimension,blocksize,operation,cudagraph,
0,0.00028122,81,34560,3840,instantiation,1
1,0.000301859,81,34560,3840,instantiation,1
2,0.00030174,81,34560,3840,instantiation,1
3,0.000449959,81,34560,3840,instantiation,1
4,0.000420674,81,34560,3840,instantiation,1
5,0.000472361,81,34560,3840,instantiation,1
6,0.000406527,81,34560,3840,instantiation,1
7,0.000399894,81,34560,3840,instantiation,1
8,0.000437726,81,34560,3840,instantiation,1
9,0.00159915,81,34560,3840,instantiation,1
