index,time,kernel,dimension,blocksize,operation,cudagraph,
0,0.0421332,4624,21760,320,capture,1
1,0.043357,4624,21760,320,capture,1
2,0.0432393,4624,21760,320,capture,1
3,0.0434002,4624,21760,320,capture,1
4,0.0433764,4624,21760,320,capture,1
5,0.0437099,4624,21760,320,capture,1
6,0.0431041,4624,21760,320,capture,1
7,0.0432975,4624,21760,320,capture,1
8,0.0434346,4624,21760,320,capture,1
9,0.0435388,4624,21760,320,capture,1
