index,time,kernel,dimension,blocksize,operation,cudagraph,
0,0.167545,19600,8960,64,capture,1
1,0.171341,19600,8960,64,capture,1
2,0.169143,19600,8960,64,capture,1
3,0.1694,19600,8960,64,capture,1
4,0.17133,19600,8960,64,capture,1
5,0.169561,19600,8960,64,capture,1
6,0.168632,19600,8960,64,capture,1
7,0.168944,19600,8960,64,capture,1
8,0.168593,19600,8960,64,capture,1
9,0.168914,19600,8960,64,capture,1
