index,time,kernel,dimension,blocksize,operation,cudagraph,
0,0.0016162,196,35840,2560,capture,1
1,0.00159781,196,35840,2560,capture,1
2,0.00164256,196,35840,2560,capture,1
3,0.00177691,196,35840,2560,capture,1
4,0.00187612,196,35840,2560,capture,1
5,0.00178845,196,35840,2560,capture,1
6,0.00185025,196,35840,2560,capture,1
7,0.0017936,196,35840,2560,capture,1
8,0.00176606,196,35840,2560,capture,1
9,0.00182664,196,35840,2560,capture,1
