index,time,kernel,dimension,blocksize,operation
0,0.179452,21025,37120,256,capture
1,0.179819,21025,37120,256,capture
2,0.1801,21025,37120,256,capture
3,0.1795,21025,37120,256,capture
4,0.179335,21025,37120,256,capture
5,0.179258,21025,37120,256,capture
6,0.179866,21025,37120,256,capture
