index,time,kernel,dimension,blocksize,operation,cudagraph,
0,0.00728307,1296,23040,640,instantiation,1
1,0.00811147,1296,23040,640,instantiation,1
2,0.00807173,1296,23040,640,instantiation,1
3,0.00907878,1296,23040,640,instantiation,1
4,0.008192,1296,23040,640,instantiation,1
5,0.00799588,1296,23040,640,instantiation,1
6,0.00911865,1296,23040,640,instantiation,1
7,0.00805038,1296,23040,640,instantiation,1
8,0.00815579,1296,23040,640,instantiation,1
9,0.0081289,1296,23040,640,instantiation,1
