index,time,kernel,dimension,blocksize,operation,cudagraph,
0,0.0220845,3364,37120,640,instantiation,1
1,0.0225557,3364,37120,640,instantiation,1
2,0.0225555,3364,37120,640,instantiation,1
3,0.0237333,3364,37120,640,instantiation,1
4,0.0227845,3364,37120,640,instantiation,1
5,0.0225978,3364,37120,640,instantiation,1
6,0.0235501,3364,37120,640,instantiation,1
7,0.0231213,3364,37120,640,instantiation,1
8,0.02285,3364,37120,640,instantiation,1
9,0.0237677,3364,37120,640,instantiation,1
