index,time,kernel,dimension,blocksize,operation,cudagraph,
0,0.00339596,441,26880,1280,capture,1
1,0.00336243,441,26880,1280,capture,1
2,0.00371146,441,26880,1280,capture,1
3,0.00375412,441,26880,1280,capture,1
4,0.00372621,441,26880,1280,capture,1
5,0.00374873,441,26880,1280,capture,1
6,0.00368377,441,26880,1280,capture,1
7,0.00372137,441,26880,1280,capture,1
8,0.00370296,441,26880,1280,capture,1
9,0.00372651,441,26880,1280,capture,1
