index,time,kernel,dimension,blocksize,operation,cudagraph,
0,0.00146476,441,26880,1280,instantiation,1
1,0.00165785,441,26880,1280,instantiation,1
2,0.00354012,441,26880,1280,instantiation,1
3,0.00221737,441,26880,1280,instantiation,1
4,0.00347525,441,26880,1280,instantiation,1
5,0.00223173,441,26880,1280,instantiation,1
6,0.00340566,441,26880,1280,instantiation,1
7,0.00222139,441,26880,1280,instantiation,1
8,0.00350833,441,26880,1280,instantiation,1
9,0.00219228,441,26880,1280,instantiation,1
