index,time,kernel,dimension,blocksize,operation,cudagraph,
0,0.101243,12544,35840,320,capture,1
1,0.102518,12544,35840,320,capture,1
2,0.102446,12544,35840,320,capture,1
3,0.102342,12544,35840,320,capture,1
4,0.102741,12544,35840,320,capture,1
5,0.102433,12544,35840,320,capture,1
6,0.102327,12544,35840,320,capture,1
7,0.102504,12544,35840,320,capture,1
8,0.102876,12544,35840,320,capture,1
9,0.10248,12544,35840,320,capture,1
