index,time,kernel,dimension,blocksize,operation,cudagraph,
0,0.0206684,2704,33280,640,capture,1
1,0.0216975,2704,33280,640,capture,1
2,0.0218194,2704,33280,640,capture,1
3,0.0217634,2704,33280,640,capture,1
4,0.0217841,2704,33280,640,capture,1
5,0.0218702,2704,33280,640,capture,1
6,0.0216296,2704,33280,640,capture,1
7,0.0218171,2704,33280,640,capture,1
8,0.0218152,2704,33280,640,capture,1
9,0.021783,2704,33280,640,capture,1
