index,time,kernel,dimension,blocksize,operation
0,0.0805917,10816,33280,320,instantiation
1,0.0815735,10816,33280,320,instantiation
2,0.0813717,10816,33280,320,instantiation
3,0.0815598,10816,33280,320,instantiation
4,0.0809042,10816,33280,320,instantiation
5,0.0823032,10816,33280,320,instantiation
6,0.0825382,10816,33280,320,instantiation
7,0.0807271,10816,33280,320,instantiation
8,0.0823558,10816,33280,320,instantiation
9,0.0825477,10816,33280,320,instantiation
