index,time,kernel,dimension,blocksize,operation,cudagraph,
0,0.00022839,25,38400,7680,capture,1
1,0.000167767,25,38400,7680,capture,1
2,0.00016423,25,38400,7680,capture,1
3,0.000163358,25,38400,7680,capture,1
4,0.00016406,25,38400,7680,capture,1
5,0.00016426,25,38400,7680,capture,1
6,0.000164561,25,38400,7680,capture,1
7,0.000198344,25,38400,7680,capture,1
8,0.00016479,25,38400,7680,capture,1
9,0.000163478,25,38400,7680,capture,1
