index,time,kernel,dimension,blocksize,operation,cudagraph,
0,0.000294355,25,38400,7680,instantiation,1
1,0.000301308,25,38400,7680,instantiation,1
2,0.000296279,25,38400,7680,instantiation,1
3,0.0002965,25,38400,7680,instantiation,1
4,0.000112823,25,38400,7680,instantiation,1
5,0.000368364,25,38400,7680,instantiation,1
6,0.000347997,25,38400,7680,instantiation,1
7,0.00035537,25,38400,7680,instantiation,1
8,0.000368315,25,38400,7680,instantiation,1
9,0.000102333,25,38400,7680,instantiation,1
