index,time,kernel,dimension,blocksize,operation
0,0.0419386,4624,21760,320,capture
1,0.0428599,4624,21760,320,capture
2,0.0427575,4624,21760,320,capture
3,0.0427702,4624,21760,320,capture
4,0.042972,4624,21760,320,capture
5,0.042677,4624,21760,320,capture
6,0.042849,4624,21760,320,capture
7,0.042891,4624,21760,320,capture
8,0.0428286,4624,21760,320,capture
9,0.043079,4624,21760,320,capture
