index,time,kernel,dimension,blocksize,operation
0,0.0316365,4624,21760,320,instantiation
1,0.0325912,4624,21760,320,instantiation
2,0.0321467,4624,21760,320,instantiation
3,0.032673,4624,21760,320,instantiation
4,0.0321129,4624,21760,320,instantiation
5,0.0331755,4624,21760,320,instantiation
6,0.0321738,4624,21760,320,instantiation
7,0.0331751,4624,21760,320,instantiation
8,0.0319369,4624,21760,320,instantiation
9,0.0332391,4624,21760,320,instantiation
