index,time,kernel,dimension,blocksize,operation,cudagraph,
0,0.0070756,1156,21760,640,instantiation,1
1,0.00713752,1156,21760,640,instantiation,1
2,0.00715226,1156,21760,640,instantiation,1
3,0.00716208,1156,21760,640,instantiation,1
4,0.00717707,1156,21760,640,instantiation,1
5,0.00713734,1156,21760,640,instantiation,1
6,0.008063,1156,21760,640,instantiation,1
7,0.00731409,1156,21760,640,instantiation,1
8,0.00719544,1156,21760,640,instantiation,1
9,0.00729649,1156,21760,640,instantiation,1
