index,time,kernel,dimension,blocksize,operation,cudagraph,
0,0.000496297,36,3840,640,capture,1
1,0.00041849,36,3840,640,capture,1
2,0.000569815,36,3840,640,capture,1
3,0.000441343,36,3840,640,capture,1
4,0.000450139,36,3840,640,capture,1
5,0.000454948,36,3840,640,capture,1
6,0.000436574,36,3840,640,capture,1
7,0.000451943,36,3840,640,capture,1
8,0.000451081,36,3840,640,capture,1
9,0.000455299,36,3840,640,capture,1
