index,time,kernel,dimension,blocksize,operation,cudagraph,
0,0.000230976,36,3840,640,instantiation,1
1,0.000223772,36,3840,640,instantiation,1
2,0.000303452,36,3840,640,instantiation,1
3,0.000237609,36,3840,640,instantiation,1
4,0.000328981,36,3840,640,instantiation,1
5,0.000287562,36,3840,640,instantiation,1
6,0.000298433,36,3840,640,instantiation,1
7,0.000295798,36,3840,640,instantiation,1
8,0.000301329,36,3840,640,instantiation,1
9,0.000284617,36,3840,640,instantiation,1
