index,time,kernel,dimension,blocksize,operation,cudagraph,
0,0.000233892,16,15360,3840,instantiation,1
1,3.9855e-05,16,15360,3840,instantiation,1
2,0.000233701,16,15360,3840,instantiation,1
3,3.9064e-05,16,15360,3840,instantiation,1
4,0.000233951,16,15360,3840,instantiation,1
5,3.7521e-05,16,15360,3840,instantiation,1
6,0.000209295,16,15360,3840,instantiation,1
7,3.7841e-05,16,15360,3840,instantiation,1
8,0.000233621,16,15360,3840,instantiation,1
9,3.7701e-05,16,15360,3840,instantiation,1
