index,time,kernel,dimension,blocksize,operation,cudagraph,
0,0.00240973,625,32000,1280,instantiation,1
1,0.00436293,625,32000,1280,instantiation,1
2,0.00312488,625,32000,1280,instantiation,1
3,0.00443072,625,32000,1280,instantiation,1
4,0.00431122,625,32000,1280,instantiation,1
5,0.00308653,625,32000,1280,instantiation,1
6,0.00441694,625,32000,1280,instantiation,1
7,0.00446411,625,32000,1280,instantiation,1
8,0.00311678,625,32000,1280,instantiation,1
9,0.00446605,625,32000,1280,instantiation,1
