index,time,kernel,dimension,blocksize,operation,cudagraph,
0,0.000157318,4,30720,15360,instantiation,1
1,1.6621e-05,4,30720,15360,instantiation,1
2,1.5369e-05,4,30720,15360,instantiation,1
3,1.6711e-05,4,30720,15360,instantiation,1
4,1.9828e-05,4,30720,15360,instantiation,1
5,1.9807e-05,4,30720,15360,instantiation,1
6,1.7803e-05,4,30720,15360,instantiation,1
7,1.601e-05,4,30720,15360,instantiation,1
8,0.000173989,4,30720,15360,instantiation,1
9,1.6992e-05,4,30720,15360,instantiation,1
