index,time,kernel,dimension,blocksize,operation,cudagraph,
0,0.0531305,5776,24320,320,capture,1
1,0.0542362,5776,24320,320,capture,1
2,0.0544085,5776,24320,320,capture,1
3,0.0542685,5776,24320,320,capture,1
4,0.0542598,5776,24320,320,capture,1
5,0.0544741,5776,24320,320,capture,1
6,0.0542037,5776,24320,320,capture,1
7,0.0544248,5776,24320,320,capture,1
8,0.0545293,5776,24320,320,capture,1
9,0.0544049,5776,24320,320,capture,1
