index,time,kernel,dimension,blocksize,operation
0,0.0190477,2500,6400,128,capture
1,0.0201276,2500,6400,128,capture
2,0.0201182,2500,6400,128,capture
3,0.0201382,2500,6400,128,capture
4,0.0201441,2500,6400,128,capture
5,0.0200671,2500,6400,128,capture
6,0.0201705,2500,6400,128,capture
7,0.0202321,2500,6400,128,capture
8,0.0202514,2500,6400,128,capture
9,0.0201727,2500,6400,128,capture
