index,time,kernel,dimension,blocksize,operation,cudagraph,
0,0.000515591,121,28160,2560,capture,1
1,0.000451971,121,28160,2560,capture,1
2,0.000454076,121,28160,2560,capture,1
3,0.00044056,121,28160,2560,capture,1
4,0.00044583,121,28160,2560,capture,1
5,0.00054667,121,28160,2560,capture,1
6,0.000519319,121,28160,2560,capture,1
7,0.000522926,121,28160,2560,capture,1
8,0.00052457,121,28160,2560,capture,1
9,0.000515392,121,28160,2560,capture,1
