index,time,kernel,dimension,blocksize,operation
0,0.0474368,5184,23040,320,capture
1,0.0476767,5184,23040,320,capture
2,0.0479144,5184,23040,320,capture
3,0.0479082,5184,23040,320,capture
4,0.0480271,5184,23040,320,capture
5,0.0477045,5184,23040,320,capture
6,0.047826,5184,23040,320,capture
7,0.0477825,5184,23040,320,capture
8,0.0478638,5184,23040,320,capture
9,0.0481285,5184,23040,320,capture
