index,time,kernel,dimension,blocksize,operation,cudagraph,
0,0.000278656,4,40960,20480,instantiation,1
1,1.6851e-05,4,40960,20480,instantiation,1
2,1.5559e-05,4,40960,20480,instantiation,1
3,1.4968e-05,4,40960,20480,instantiation,1
4,1.7733e-05,4,40960,20480,instantiation,1
5,1.4457e-05,4,40960,20480,instantiation,1
6,1.4658e-05,4,40960,20480,instantiation,1
7,1.611e-05,4,40960,20480,instantiation,1
8,0.000305896,4,40960,20480,instantiation,1
9,2.2242e-05,4,40960,20480,instantiation,1
