index,time,kernel,dimension,blocksize,operation,cudagraph,
0,0.00541713,729,34560,1280,capture,1
1,0.00598783,729,34560,1280,capture,1
2,0.00600976,729,34560,1280,capture,1
3,0.00607023,729,34560,1280,capture,1
4,0.00601243,729,34560,1280,capture,1
5,0.00604234,729,34560,1280,capture,1
6,0.00604921,729,34560,1280,capture,1
7,0.00604805,729,34560,1280,capture,1
8,0.00596585,729,34560,1280,capture,1
9,0.00602451,729,34560,1280,capture,1
