index,time,kernel,dimension,blocksize,operation
0,0.00204425,256,10240,640,capture
1,0.00200096,256,10240,640,capture
2,0.00196234,256,10240,640,capture
3,0.00224798,256,10240,640,capture
4,0.00224097,256,10240,640,capture
5,0.00223694,256,10240,640,capture
6,0.00220799,256,10240,640,capture
7,0.00222738,256,10240,640,capture
8,0.00223454,256,10240,640,capture
9,0.00221531,256,10240,640,capture
