index,time,kernel,dimension,blocksize,operation
0,0.240828,28900,21760,128,capture
1,0.2419,28900,21760,128,capture
2,0.238576,28900,21760,128,capture
3,0.243725,28900,21760,128,capture
4,0.244231,28900,21760,128,capture
5,0.24107,28900,21760,128,capture
6,0.243219,28900,21760,128,capture
7,0.244284,28900,21760,128,capture
