index,time,kernel,dimension,blocksize,operation,cudagraph,
0,0.00317907,400,1280,64,capture,1
1,0.00295197,400,1280,64,capture,1
2,0.00331541,400,1280,64,capture,1
3,0.00331892,400,1280,64,capture,1
4,0.0032925,400,1280,64,capture,1
5,0.00330081,400,1280,64,capture,1
6,0.0033041,400,1280,64,capture,1
7,0.00330218,400,1280,64,capture,1
8,0.00329686,400,1280,64,capture,1
9,0.00330426,400,1280,64,capture,1
