index,time,kernel,dimension,blocksize,operation
0,0.00111126,100,2560,256,capture
1,0.00105372,100,2560,256,capture
2,0.00102901,100,2560,256,capture
3,0.00114209,100,2560,256,capture
4,0.00114959,100,2560,256,capture
5,0.00111779,100,2560,256,capture
6,0.00114409,100,2560,256,capture
7,0.00113573,100,2560,256,capture
8,0.0011276,100,2560,256,capture
9,0.00114245,100,2560,256,capture
