index,time,kernel,dimension,blocksize,operation
0,0.00679922,900,19200,640,capture
1,0.00733645,900,19200,640,capture
2,0.00735203,900,19200,640,capture
3,0.00733676,900,19200,640,capture
4,0.00736353,900,19200,640,capture
5,0.00731678,900,19200,640,capture
6,0.00735089,900,19200,640,capture
7,0.00743014,900,19200,640,capture
8,0.00735119,900,19200,640,capture
9,0.00736412,900,19200,640,capture
