index,time,kernel,dimension,blocksize,operation
0,0.00254685,324,11520,640,capture
1,0.0026131,324,11520,640,capture
2,0.00246706,324,11520,640,capture
3,0.00277535,324,11520,640,capture
4,0.00276685,324,11520,640,capture
5,0.0027208,324,11520,640,capture
6,0.00278733,324,11520,640,capture
7,0.00277402,324,11520,640,capture
8,0.00277065,324,11520,640,capture
9,0.0027836,324,11520,640,capture
