index,time,kernel,dimension,blocksize,operation
0,0.00111446,324,11520,640,instantiation
1,0.00110227,324,11520,640,instantiation
2,0.00262645,324,11520,640,instantiation
3,0.00167695,324,11520,640,instantiation
4,0.00163756,324,11520,640,instantiation
5,0.00277676,324,11520,640,instantiation
6,0.00165647,324,11520,640,instantiation
7,0.00164189,324,11520,640,instantiation
8,0.00284546,324,11520,640,instantiation
9,0.00165281,324,11520,640,instantiation
