index,time,kernel,dimension,blocksize,operation,cudagraph,
0,0.000156886,4,33280,16640,instantiation,1
1,1.6331e-05,4,33280,16640,instantiation,1
2,1.6671e-05,4,33280,16640,instantiation,1
3,1.6151e-05,4,33280,16640,instantiation,1
4,2.0188e-05,4,33280,16640,instantiation,1
5,1.7082e-05,4,33280,16640,instantiation,1
6,1.6e-05,4,33280,16640,instantiation,1
7,1.5058e-05,4,33280,16640,instantiation,1
8,0.000190058,4,33280,16640,instantiation,1
9,1.6591e-05,4,33280,16640,instantiation,1
