index,time,kernel,dimension,blocksize,operation,cudagraph,
0,0.134096,16900,33280,256,instantiation,1
1,0.135676,16900,33280,256,instantiation,1
2,0.141187,16900,33280,256,instantiation,1
3,0.135674,16900,33280,256,instantiation,1
4,0.135,16900,33280,256,instantiation,1
5,0.135786,16900,33280,256,instantiation,1
6,0.135759,16900,33280,256,instantiation,1
7,0.136895,16900,33280,256,instantiation,1
8,0.137018,16900,33280,256,instantiation,1
9,0.13803,16900,33280,256,instantiation,1
