index,time,kernel,dimension,blocksize,operation
0,0.0741207,8100,23040,256,capture
1,0.0764382,8100,23040,256,capture
2,0.0763922,8100,23040,256,capture
3,0.0762636,8100,23040,256,capture
4,0.0760806,8100,23040,256,capture
5,0.0758682,8100,23040,256,capture
6,0.0762804,8100,23040,256,capture
7,0.0762794,8100,23040,256,capture
8,0.0761673,8100,23040,256,capture
9,0.0762755,8100,23040,256,capture
