index,time,kernel,dimension,blocksize,operation,cudagraph,
0,0.1892,22500,38400,256,capture,1
1,0.191866,22500,38400,256,capture,1
2,0.191515,22500,38400,256,capture,1
3,0.191518,22500,38400,256,capture,1
4,0.191427,22500,38400,256,capture,1
