index,time,kernel,dimension,blocksize,operation
0,0.00093311,100,6400,640,capture
1,0.000872546,100,6400,640,capture
2,0.000872015,100,6400,640,capture
3,0.000883517,100,6400,640,capture
4,0.000881092,100,6400,640,capture
5,0.0008373,100,6400,640,capture
6,0.000898956,100,6400,640,capture
7,0.000958047,100,6400,640,capture
8,0.000961444,100,6400,640,capture
9,0.000969308,100,6400,640,capture
