index,time,kernel,dimension,blocksize,operation
0,0.000417348,100,6400,640,instantiation
1,0.000404142,100,6400,640,instantiation
2,0.000422687,100,6400,640,instantiation
3,0.000404262,100,6400,640,instantiation
4,0.000412689,100,6400,640,instantiation
5,0.000410133,100,6400,640,instantiation
6,0.000579914,100,6400,640,instantiation
7,0.000580996,100,6400,640,instantiation
8,0.00166506,100,6400,640,instantiation
9,0.000570316,100,6400,640,instantiation
