index,time,kernel,dimension,blocksize,operation,cudagraph,
0,0.00736984,961,39680,1280,capture,1
1,0.00805754,961,39680,1280,capture,1
2,0.00800568,961,39680,1280,capture,1
3,0.00813534,961,39680,1280,capture,1
4,0.00805127,961,39680,1280,capture,1
5,0.00803934,961,39680,1280,capture,1
6,0.00792303,961,39680,1280,capture,1
7,0.00812057,961,39680,1280,capture,1
8,0.00796508,961,39680,1280,capture,1
9,0.00803812,961,39680,1280,capture,1
