index,time,kernel,dimension,blocksize,operation,cudagraph,
0,0.00574347,961,39680,1280,instantiation,1
1,0.00495727,961,39680,1280,instantiation,1
2,0.00631881,961,39680,1280,instantiation,1
3,0.00632476,961,39680,1280,instantiation,1
4,0.00626166,961,39680,1280,instantiation,1
5,0.00627135,961,39680,1280,instantiation,1
6,0.00632818,961,39680,1280,instantiation,1
7,0.00635127,961,39680,1280,instantiation,1
8,0.00632001,961,39680,1280,instantiation,1
9,0.00633265,961,39680,1280,instantiation,1
