index,time,kernel,dimension,blocksize,operation,cudagraph,
0,0.103695,13456,37120,320,instantiation,1
1,0.103887,13456,37120,320,instantiation,1
2,0.103446,13456,37120,320,instantiation,1
3,0.104473,13456,37120,320,instantiation,1
4,0.104696,13456,37120,320,instantiation,1
5,0.103601,13456,37120,320,instantiation,1
6,0.106465,13456,37120,320,instantiation,1
7,0.106557,13456,37120,320,instantiation,1
8,0.105961,13456,37120,320,instantiation,1
