index,time,kernel,dimension,blocksize,operation,cudagraph,
0,0.108559,13456,37120,320,capture,1
1,0.109312,13456,37120,320,capture,1
2,0.108949,13456,37120,320,capture,1
3,0.109069,13456,37120,320,capture,1
4,0.108628,13456,37120,320,capture,1
5,0.108561,13456,37120,320,capture,1
6,0.10836,13456,37120,320,capture,1
7,0.109226,13456,37120,320,capture,1
8,0.109022,13456,37120,320,capture,1
9,0.109061,13456,37120,320,capture,1
