index,time,kernel,dimension,blocksize,operation,cudagraph,
0,0.000192604,25,32000,6400,capture,1
1,0.000119546,25,32000,6400,capture,1
2,0.000121709,25,32000,6400,capture,1
3,0.000120227,25,32000,6400,capture,1
4,0.000117301,25,32000,6400,capture,1
5,0.000118884,25,32000,6400,capture,1
6,0.00011676,25,32000,6400,capture,1
7,0.000116821,25,32000,6400,capture,1
8,0.000115948,25,32000,6400,capture,1
9,0.000133011,25,32000,6400,capture,1
