index,time,kernel,dimension,blocksize,operation,cudagraph,
0,0.000197763,25,32000,6400,instantiation,1
1,0.00021214,25,32000,6400,instantiation,1
2,0.000208694,25,32000,6400,instantiation,1
3,0.000196691,25,32000,6400,instantiation,1
4,5.7077e-05,25,32000,6400,instantiation,1
5,0.000213262,25,32000,6400,instantiation,1
6,0.000177886,25,32000,6400,instantiation,1
7,0.000202222,25,32000,6400,instantiation,1
8,0.000227028,25,32000,6400,instantiation,1
9,8.3748e-05,25,32000,6400,instantiation,1
