index,time,kernel,dimension,blocksize,operation,cudagraph,
0,0.000182044,16,35840,8960,instantiation,1
1,3.9143e-05,16,35840,8960,instantiation,1
2,0.000176372,16,35840,8960,instantiation,1
3,3.5828e-05,16,35840,8960,instantiation,1
4,0.000181803,16,35840,8960,instantiation,1
5,3.7791e-05,16,35840,8960,instantiation,1
6,0.000157537,16,35840,8960,instantiation,1
7,3.72e-05,16,35840,8960,instantiation,1
8,0.000187293,16,35840,8960,instantiation,1
9,3.6288e-05,16,35840,8960,instantiation,1
