index,time,kernel,dimension,blocksize,operation,cudagraph,
0,0.000179629,16,25600,6400,instantiation,1
1,4.0476e-05,16,25600,6400,instantiation,1
2,0.00017492,16,25600,6400,instantiation,1
3,3.7741e-05,16,25600,6400,instantiation,1
4,0.000188125,16,25600,6400,instantiation,1
5,3.8433e-05,16,25600,6400,instantiation,1
6,0.000154822,16,25600,6400,instantiation,1
7,3.7471e-05,16,25600,6400,instantiation,1
8,0.000176313,16,25600,6400,instantiation,1
9,3.6359e-05,16,25600,6400,instantiation,1
