index,time,kernel,dimension,blocksize,operation,cudagraph,
0,0.00399023,529,29440,1280,capture,1
1,0.00388041,529,29440,1280,capture,1
2,0.00439677,529,29440,1280,capture,1
3,0.004405,529,29440,1280,capture,1
4,0.00447123,529,29440,1280,capture,1
5,0.00442605,529,29440,1280,capture,1
6,0.0043846,529,29440,1280,capture,1
7,0.00445485,529,29440,1280,capture,1
8,0.00451063,529,29440,1280,capture,1
9,0.00446189,529,29440,1280,capture,1
