index,time,kernel,dimension,blocksize,operation,cudagraph,
0,0.00254538,256,5120,320,capture,1
1,0.0025969,256,5120,320,capture,1
2,0.00265859,256,5120,320,capture,1
3,0.00267638,256,5120,320,capture,1
4,0.00270971,256,5120,320,capture,1
5,0.0026472,256,5120,320,capture,1
6,0.00263076,256,5120,320,capture,1
7,0.00266891,256,5120,320,capture,1
8,0.00268173,256,5120,320,capture,1
9,0.00266555,256,5120,320,capture,1
