index,time,kernel,dimension,blocksize,operation,cudagraph,
0,0.000846947,256,5120,320,instantiation,1
1,0.00127677,256,5120,320,instantiation,1
2,0.00131987,256,5120,320,instantiation,1
3,0.00244662,256,5120,320,instantiation,1
4,0.00130976,256,5120,320,instantiation,1
5,0.00127147,256,5120,320,instantiation,1
6,0.00131302,256,5120,320,instantiation,1
7,0.0024341,256,5120,320,instantiation,1
8,0.00144913,256,5120,320,instantiation,1
9,0.00131338,256,5120,320,instantiation,1
