index,time,kernel,dimension,blocksize,operation,cudagraph,
0,0.0233324,2500,12800,256,capture,1
1,0.024276,2500,12800,256,capture,1
2,0.024143,2500,12800,256,capture,1
3,0.0242395,2500,12800,256,capture,1
4,0.024208,2500,12800,256,capture,1
5,0.0241544,2500,12800,256,capture,1
6,0.0240054,2500,12800,256,capture,1
7,0.0241851,2500,12800,256,capture,1
8,0.0242092,2500,12800,256,capture,1
9,0.0241678,2500,12800,256,capture,1
