index,time,kernel,dimension,blocksize,operation
0,0.00020659,36,7680,1280,instantiation
1,0.000229442,36,7680,1280,instantiation
2,0.000208854,36,7680,1280,instantiation
3,0.000251465,36,7680,1280,instantiation
4,0.000252577,36,7680,1280,instantiation
5,0.000237939,36,7680,1280,instantiation
6,0.00024918,36,7680,1280,instantiation
7,0.00024939,36,7680,1280,instantiation
8,0.000241185,36,7680,1280,instantiation
9,0.000260111,36,7680,1280,instantiation
