index,time,kernel,dimension,blocksize,operation,cudagraph,
0,0.00774077,1024,20480,640,capture,1
1,0.00837876,1024,20480,640,capture,1
2,0.00838928,1024,20480,640,capture,1
3,0.00856049,1024,20480,640,capture,1
4,0.00840893,1024,20480,640,capture,1
5,0.00842292,1024,20480,640,capture,1
6,0.00834259,1024,20480,640,capture,1
7,0.00836833,1024,20480,640,capture,1
8,0.00838145,1024,20480,640,capture,1
9,0.00843325,1024,20480,640,capture,1
