index,time,kernel,dimension,blocksize,operation
0,0.158384,19600,17920,128,capture
1,0.162366,19600,17920,128,capture
2,0.16249,19600,17920,128,capture
3,0.159831,19600,17920,128,capture
4,0.162795,19600,17920,128,capture
5,0.161818,19600,17920,128,capture
6,0.160391,19600,17920,128,capture
7,0.162032,19600,17920,128,capture
8,0.162305,19600,17920,128,capture
9,0.160632,19600,17920,128,capture
