index,time,kernel,dimension,blocksize,operation,cudagraph,
0,0.000169449,9,19200,6400,instantiation,1
1,2.6811e-05,9,19200,6400,instantiation,1
2,2.634e-05,9,19200,6400,instantiation,1
3,0.000180771,9,19200,6400,instantiation,1
4,2.9165e-05,9,19200,6400,instantiation,1
5,2.606e-05,9,19200,6400,instantiation,1
6,2.6129e-05,9,19200,6400,instantiation,1
7,0.000167005,9,19200,6400,instantiation,1
8,2.9155e-05,9,19200,6400,instantiation,1
9,2.5889e-05,9,19200,6400,instantiation,1
