index,time,kernel,dimension,blocksize,operation
0,0.000166835,16,5120,1280,capture
1,0.000103906,16,5120,1280,capture
2,0.000100489,16,5120,1280,capture
3,0.000101872,16,5120,1280,capture
4,0.00010085,16,5120,1280,capture
5,0.000103726,16,5120,1280,capture
6,0.000100399,16,5120,1280,capture
7,0.000102333,16,5120,1280,capture
8,9.9788e-05,16,5120,1280,capture
9,0.000103505,16,5120,1280,capture
