index,time,kernel,dimension,blocksize,operation,cudagraph,
0,0.214569,25600,20480,128,capture,1
1,0.215397,25600,20480,128,capture,1
2,0.215486,25600,20480,128,capture,1
3,0.210762,25600,20480,128,capture,1
4,0.215764,25600,20480,128,capture,1
5,0.216509,25600,20480,128,capture,1
6,0.21568,25600,20480,128,capture,1
7,0.216294,25600,20480,128,capture,1
8,0.212913,25600,20480,128,capture,1
9,0.213055,25600,20480,128,capture,1
