index,time,kernel,dimension,blocksize,operation
0,0.0268354,3136,17920,320,capture
1,0.0287838,3136,17920,320,capture
2,0.0288518,3136,17920,320,capture
3,0.0289441,3136,17920,320,capture
4,0.0288167,3136,17920,320,capture
5,0.0287246,3136,17920,320,capture
6,0.0287549,3136,17920,320,capture
7,0.028861,3136,17920,320,capture
8,0.0287766,3136,17920,320,capture
9,0.0287723,3136,17920,320,capture
