index,time,kernel,dimension,blocksize,operation,cudagraph,
0,0.00107125,289,21760,1280,instantiation,1
1,0.00101443,289,21760,1280,instantiation,1
2,0.00100202,289,21760,1280,instantiation,1
3,0.00272193,289,21760,1280,instantiation,1
4,0.00149147,289,21760,1280,instantiation,1
5,0.00154062,289,21760,1280,instantiation,1
6,0.00284579,289,21760,1280,instantiation,1
7,0.00153527,289,21760,1280,instantiation,1
8,0.00152339,289,21760,1280,instantiation,1
9,0.00278593,289,21760,1280,instantiation,1
