index,time,kernel,dimension,blocksize,operation,cudagraph,
0,0.146521,15625,32000,256,capture,1
1,0.147331,15625,32000,256,capture,1
2,0.147186,15625,32000,256,capture,1
3,0.147204,15625,32000,256,capture,1
4,0.147729,15625,32000,256,capture,1
5,0.147185,15625,32000,256,capture,1
6,0.146934,15625,32000,256,capture,1
7,0.147414,15625,32000,256,capture,1
8,0.147346,15625,32000,256,capture,1
9,0.147522,15625,32000,256,capture,1
