index,time,kernel,dimension,blocksize,operation
0,0.00680002,900,3840,128,capture
1,0.00739333,900,3840,128,capture
2,0.00737242,900,3840,128,capture
3,0.00737262,900,3840,128,capture
4,0.00739257,900,3840,128,capture
5,0.00735336,900,3840,128,capture
6,0.0073657,900,3840,128,capture
7,0.00737216,900,3840,128,capture
8,0.00738191,900,3840,128,capture
9,0.00737619,900,3840,128,capture
