index,time,kernel,dimension,blocksize,operation,cudagraph,
0,0.0742394,10000,25600,256,instantiation,1
1,0.0755826,10000,25600,256,instantiation,1
2,0.0745512,10000,25600,256,instantiation,1
3,0.0757527,10000,25600,256,instantiation,1
4,0.0749493,10000,25600,256,instantiation,1
5,0.0759428,10000,25600,256,instantiation,1
6,0.0762519,10000,25600,256,instantiation,1
7,0.0764911,10000,25600,256,instantiation,1
8,0.0759391,10000,25600,256,instantiation,1
9,0.0762141,10000,25600,256,instantiation,1
