index,time,kernel,dimension,blocksize,operation,cudagraph,
0,0.00550585,729,34560,1280,capture,1
1,0.00605544,729,34560,1280,capture,1
2,0.00596548,729,34560,1280,capture,1
3,0.0059566,729,34560,1280,capture,1
4,0.00599965,729,34560,1280,capture,1
5,0.00596884,729,34560,1280,capture,1
6,0.00592562,729,34560,1280,capture,1
7,0.00603907,729,34560,1280,capture,1
8,0.00596128,729,34560,1280,capture,1
9,0.00603407,729,34560,1280,capture,1
