index,time,kernel,dimension,blocksize,operation,cudagraph,
0,0.000184177,16,35840,8960,instantiation,1
1,3.8012e-05,16,35840,8960,instantiation,1
2,0.000190389,16,35840,8960,instantiation,1
3,3.7962e-05,16,35840,8960,instantiation,1
4,0.000197844,16,35840,8960,instantiation,1
5,4.0136e-05,16,35840,8960,instantiation,1
6,0.000162527,16,35840,8960,instantiation,1
7,3.9224e-05,16,35840,8960,instantiation,1
8,0.000195599,16,35840,8960,instantiation,1
9,3.7741e-05,16,35840,8960,instantiation,1
