index,time,kernel,dimension,blocksize,operation,cudagraph,
0,0.0147518,1600,10240,256,capture,1
1,0.0162814,1600,10240,256,capture,1
2,0.0161386,1600,10240,256,capture,1
3,0.0161383,1600,10240,256,capture,1
4,0.0161293,1600,10240,256,capture,1
5,0.0161131,1600,10240,256,capture,1
6,0.0160151,1600,10240,256,capture,1
7,0.0161012,1600,10240,256,capture,1
8,0.0163091,1600,10240,256,capture,1
9,0.0161403,1600,10240,256,capture,1
