index,time,kernel,dimension,blocksize,operation,cudagraph,
0,0.0375454,4096,20480,320,capture,1
1,0.0384352,4096,20480,320,capture,1
2,0.0384259,4096,20480,320,capture,1
3,0.0384728,4096,20480,320,capture,1
4,0.0385324,4096,20480,320,capture,1
5,0.0384151,4096,20480,320,capture,1
6,0.0384156,4096,20480,320,capture,1
7,0.038535,4096,20480,320,capture,1
8,0.0385129,4096,20480,320,capture,1
9,0.038538,4096,20480,320,capture,1
