index,time,kernel,dimension,blocksize,operation,cudagraph,
0,0.0411999,4624,21760,320,capture,1
1,0.0432883,4624,21760,320,capture,1
2,0.0431941,4624,21760,320,capture,1
3,0.0432152,4624,21760,320,capture,1
4,0.0432401,4624,21760,320,capture,1
5,0.043264,4624,21760,320,capture,1
6,0.0430015,4624,21760,320,capture,1
7,0.0433452,4624,21760,320,capture,1
8,0.0432831,4624,21760,320,capture,1
9,0.0433888,4624,21760,320,capture,1
