index,time,kernel,dimension,blocksize,operation,cudagraph,
0,0.00105324,196,35840,2560,instantiation,1
1,0.00105224,196,35840,2560,instantiation,1
2,0.00258539,196,35840,2560,instantiation,1
3,0.00142998,196,35840,2560,instantiation,1
4,0.00265621,196,35840,2560,instantiation,1
5,0.00147271,196,35840,2560,instantiation,1
6,0.00266339,196,35840,2560,instantiation,1
7,0.0014506,196,35840,2560,instantiation,1
8,0.00146765,196,35840,2560,instantiation,1
9,0.00268555,196,35840,2560,instantiation,1
