index,time,kernel,dimension,blocksize,operation,cudagraph,
0,0.00143711,400,12800,640,instantiation,1
1,0.00202445,400,12800,640,instantiation,1
2,0.00313667,400,12800,640,instantiation,1
3,0.00203567,400,12800,640,instantiation,1
4,0.00321814,400,12800,640,instantiation,1
5,0.00203006,400,12800,640,instantiation,1
6,0.00201512,400,12800,640,instantiation,1
7,0.00320718,400,12800,640,instantiation,1
8,0.0020075,400,12800,640,instantiation,1
9,0.00325695,400,12800,640,instantiation,1
