index,time,kernel,dimension,blocksize,operation
0,0.11061,11664,34560,320,capture
1,0.110768,11664,34560,320,capture
2,0.110871,11664,34560,320,capture
3,0.110738,11664,34560,320,capture
4,0.110423,11664,34560,320,capture
5,0.110065,11664,34560,320,capture
6,0.110345,11664,34560,320,capture
7,0.110401,11664,34560,320,capture
8,0.110234,11664,34560,320,capture
9,0.110496,11664,34560,320,capture
