index,time,kernel,dimension,blocksize,operation
0,0.088169,11664,34560,320,instantiation
1,0.0883995,11664,34560,320,instantiation
2,0.0891671,11664,34560,320,instantiation
3,0.0880443,11664,34560,320,instantiation
4,0.0882957,11664,34560,320,instantiation
5,0.0875497,11664,34560,320,instantiation
6,0.0878291,11664,34560,320,instantiation
7,0.0887207,11664,34560,320,instantiation
8,0.0892317,11664,34560,320,instantiation
9,0.0899932,11664,34560,320,instantiation
