index,time,kernel,dimension,blocksize,operation,cudagraph,
0,0.0665158,9025,24320,256,instantiation,1
1,0.0674674,9025,24320,256,instantiation,1
2,0.0669151,9025,24320,256,instantiation,1
3,0.0682709,9025,24320,256,instantiation,1
4,0.0680316,9025,24320,256,instantiation,1
5,0.0674788,9025,24320,256,instantiation,1
6,0.0673011,9025,24320,256,instantiation,1
7,0.0688581,9025,24320,256,instantiation,1
8,0.0684188,9025,24320,256,instantiation,1
9,0.0690411,9025,24320,256,instantiation,1
