index,time,kernel,dimension,blocksize,operation,cudagraph,
0,0.182321,21025,37120,256,capture,1
1,0.182412,21025,37120,256,capture,1
2,0.184144,21025,37120,256,capture,1
3,0.184247,21025,37120,256,capture,1
4,0.187739,21025,37120,256,capture,1
5,0.183319,21025,37120,256,capture,1
6,0.188367,21025,37120,256,capture,1
