index,time,kernel,dimension,blocksize,operation,cudagraph,
0,0.169818,21025,37120,256,instantiation,1
1,0.173041,21025,37120,256,instantiation,1
2,0.172557,21025,37120,256,instantiation,1
3,0.175147,21025,37120,256,instantiation,1
4,0.177563,21025,37120,256,instantiation,1
5,0.183154,21025,37120,256,instantiation,1
