index,time,kernel,dimension,blocksize,operation,cudagraph,
0,0.00895164,1156,21760,640,capture,1
1,0.00933072,1156,21760,640,capture,1
2,0.00935027,1156,21760,640,capture,1
3,0.00937354,1156,21760,640,capture,1
4,0.00935124,1156,21760,640,capture,1
5,0.00941989,1156,21760,640,capture,1
6,0.00932969,1156,21760,640,capture,1
7,0.00936563,1156,21760,640,capture,1
8,0.00934928,1156,21760,640,capture,1
9,0.0093778,1156,21760,640,capture,1
