index,time,kernel,dimension,blocksize,operation,cudagraph,
0,0.488528,57600,15360,64,capture,1
1,0.488068,57600,15360,64,capture,1
2,0.491698,57600,15360,64,capture,1
3,0.490553,57600,15360,64,capture,1
4,0.493676,57600,15360,64,capture,1
