index,time,kernel,dimension,blocksize,operation,cudagraph,
0,0.00423222,900,38400,1280,instantiation,1
1,0.00604993,900,38400,1280,instantiation,1
2,0.00594921,900,38400,1280,instantiation,1
3,0.00601428,900,38400,1280,instantiation,1
4,0.00603618,900,38400,1280,instantiation,1
5,0.00603939,900,38400,1280,instantiation,1
6,0.00615276,900,38400,1280,instantiation,1
7,0.0060776,900,38400,1280,instantiation,1
8,0.00618823,900,38400,1280,instantiation,1
9,0.00458159,900,38400,1280,instantiation,1
