index,time,kernel,dimension,blocksize,operation,cudagraph,
0,0.037482,4900,8960,128,capture,1
1,0.0398971,4900,8960,128,capture,1
2,0.0408792,4900,8960,128,capture,1
3,0.0400507,4900,8960,128,capture,1
4,0.0401322,4900,8960,128,capture,1
5,0.0407552,4900,8960,128,capture,1
6,0.0398445,4900,8960,128,capture,1
7,0.0402399,4900,8960,128,capture,1
8,0.040749,4900,8960,128,capture,1
9,0.0400475,4900,8960,128,capture,1
