index,time,kernel,dimension,blocksize,operation
0,0.00597825,784,17920,640,capture
1,0.00647234,784,17920,640,capture
2,0.00647901,784,17920,640,capture
3,0.00649761,784,17920,640,capture
4,0.00649362,784,17920,640,capture
5,0.00640617,784,17920,640,capture
6,0.00649313,784,17920,640,capture
7,0.00649994,784,17920,640,capture
8,0.00645984,784,17920,640,capture
9,0.00652957,784,17920,640,capture
