index,time,kernel,dimension,blocksize,operation,cudagraph,
0,0.000234612,49,35840,5120,instantiation,1
1,0.000232248,49,35840,5120,instantiation,1
2,0.000232279,49,35840,5120,instantiation,1
3,0.000251113,49,35840,5120,instantiation,1
4,0.000249661,49,35840,5120,instantiation,1
5,0.000269629,49,35840,5120,instantiation,1
6,0.000215827,49,35840,5120,instantiation,1
7,0.00023876,49,35840,5120,instantiation,1
8,0.000244662,49,35840,5120,instantiation,1
9,0.000239021,49,35840,5120,instantiation,1
