index,time,kernel,dimension,blocksize,operation,cudagraph,
0,0.000770333,144,30720,2560,capture,1
1,0.000706393,144,30720,2560,capture,1
2,0.000702616,144,30720,2560,capture,1
3,0.000687968,144,30720,2560,capture,1
4,0.000782636,144,30720,2560,capture,1
5,0.000761717,144,30720,2560,capture,1
6,0.000798826,144,30720,2560,capture,1
7,0.000787435,144,30720,2560,capture,1
8,0.000791713,144,30720,2560,capture,1
9,0.000783197,144,30720,2560,capture,1
