index,time,kernel,dimension,blocksize,operation,cudagraph,
0,0.000212151,25,1280,256,instantiation,1
1,0.000207642,25,1280,256,instantiation,1
2,0.000212,25,1280,256,instantiation,1
3,0.000210727,25,1280,256,instantiation,1
4,0.000219864,25,1280,256,instantiation,1
5,0.000209065,25,1280,256,instantiation,1
6,0.000213643,25,1280,256,instantiation,1
7,0.000214745,25,1280,256,instantiation,1
8,0.000221007,25,1280,256,instantiation,1
9,0.000210938,25,1280,256,instantiation,1
