index,time,kernel,dimension,blocksize,operation,cudagraph,
0,0.0108121,1444,24320,640,capture,1
1,0.0115789,1444,24320,640,capture,1
2,0.0117267,1444,24320,640,capture,1
3,0.0116553,1444,24320,640,capture,1
4,0.0116435,1444,24320,640,capture,1
5,0.0115963,1444,24320,640,capture,1
6,0.0115113,1444,24320,640,capture,1
7,0.0115852,1444,24320,640,capture,1
8,0.0116038,1444,24320,640,capture,1
9,0.0116097,1444,24320,640,capture,1
