index,time,kernel,dimension,blocksize,operation,cudagraph,
0,0.00859065,1444,24320,640,instantiation,1
1,0.00868813,1444,24320,640,instantiation,1
2,0.00976179,1444,24320,640,instantiation,1
3,0.0087389,1444,24320,640,instantiation,1
4,0.00974669,1444,24320,640,instantiation,1
5,0.008837,1444,24320,640,instantiation,1
6,0.0098963,1444,24320,640,instantiation,1
7,0.00893021,1444,24320,640,instantiation,1
8,0.00877754,1444,24320,640,instantiation,1
9,0.00991802,1444,24320,640,instantiation,1
