index,time,kernel,dimension,blocksize,operation,cudagraph,
0,0.0954354,12544,35840,320,instantiation,1
1,0.0957803,12544,35840,320,instantiation,1
2,0.0949561,12544,35840,320,instantiation,1
3,0.096037,12544,35840,320,instantiation,1
4,0.0958952,12544,35840,320,instantiation,1
5,0.0964787,12544,35840,320,instantiation,1
6,0.0964313,12544,35840,320,instantiation,1
7,0.0974427,12544,35840,320,instantiation,1
8,0.0974045,12544,35840,320,instantiation,1
9,0.0969304,12544,35840,320,instantiation,1
