index,time,kernel,dimension,blocksize,operation,cudagraph,
0,0.0590357,8100,23040,256,instantiation,1
1,0.058892,8100,23040,256,instantiation,1
2,0.0598499,8100,23040,256,instantiation,1
3,0.059193,8100,23040,256,instantiation,1
4,0.0602503,8100,23040,256,instantiation,1
5,0.060117,8100,23040,256,instantiation,1
6,0.0598873,8100,23040,256,instantiation,1
7,0.0606641,8100,23040,256,instantiation,1
8,0.0603423,8100,23040,256,instantiation,1
9,0.060227,8100,23040,256,instantiation,1
