index,time,kernel,dimension,blocksize,operation,cudagraph,
0,0.0039484,400,6400,320,capture,1
1,0.00408455,400,6400,320,capture,1
2,0.00403211,400,6400,320,capture,1
3,0.00405177,400,6400,320,capture,1
4,0.00407037,400,6400,320,capture,1
5,0.00420304,400,6400,320,capture,1
6,0.00411895,400,6400,320,capture,1
7,0.00411899,400,6400,320,capture,1
8,0.00405698,400,6400,320,capture,1
9,0.00404428,400,6400,320,capture,1
