index,time,kernel,dimension,blocksize,operation,cudagraph,
0,0.00174608,400,6400,320,instantiation,1
1,0.00197694,400,6400,320,instantiation,1
2,0.00310032,400,6400,320,instantiation,1
3,0.00198345,400,6400,320,instantiation,1
4,0.0030401,400,6400,320,instantiation,1
5,0.00215999,400,6400,320,instantiation,1
6,0.00218676,400,6400,320,instantiation,1
7,0.00306303,400,6400,320,instantiation,1
8,0.00198091,400,6400,320,instantiation,1
9,0.00317049,400,6400,320,instantiation,1
