index,time,kernel,dimension,blocksize,operation,cudagraph,
0,0.000444499,25,12800,2560,instantiation,1
1,0.000232849,25,12800,2560,instantiation,1
2,0.000260822,25,12800,2560,instantiation,1
3,0.000227249,25,12800,2560,instantiation,1
4,5.6988e-05,25,12800,2560,instantiation,1
5,0.000230074,25,12800,2560,instantiation,1
6,0.000211299,25,12800,2560,instantiation,1
7,0.000225004,25,12800,2560,instantiation,1
8,0.000229973,25,12800,2560,instantiation,1
9,5.1627e-05,25,12800,2560,instantiation,1
