index,time,kernel,dimension,blocksize,operation,cudagraph,
0,0.110861,14400,30720,256,instantiation,1
1,0.111166,14400,30720,256,instantiation,1
2,0.110926,14400,30720,256,instantiation,1
3,0.110994,14400,30720,256,instantiation,1
4,0.111965,14400,30720,256,instantiation,1
5,0.11124,14400,30720,256,instantiation,1
6,0.112304,14400,30720,256,instantiation,1
7,0.113551,14400,30720,256,instantiation,1
8,0.111575,14400,30720,256,instantiation,1
9,0.112055,14400,30720,256,instantiation,1
