index,time,kernel,dimension,blocksize,operation,cudagraph,
0,0.000164831,4,5120,2560,instantiation,1
1,1.2473e-05,4,5120,2560,instantiation,1
2,1.1792e-05,4,5120,2560,instantiation,1
3,1.1662e-05,4,5120,2560,instantiation,1
4,1.4718e-05,4,5120,2560,instantiation,1
5,1.1121e-05,4,5120,2560,instantiation,1
6,1.1883e-05,4,5120,2560,instantiation,1
7,1.4387e-05,4,5120,2560,instantiation,1
8,0.000173608,4,5120,2560,instantiation,1
9,1.1832e-05,4,5120,2560,instantiation,1
