index,time,kernel,dimension,blocksize,operation
0,0.123059,13225,29440,256,capture
1,0.123927,13225,29440,256,capture
2,0.123869,13225,29440,256,capture
3,0.124107,13225,29440,256,capture
4,0.123651,13225,29440,256,capture
5,0.123689,13225,29440,256,capture
6,0.123912,13225,29440,256,capture
7,0.124036,13225,29440,256,capture
8,0.123492,13225,29440,256,capture
9,0.124107,13225,29440,256,capture
