index,time,kernel,dimension,blocksize,operation,cudagraph,
0,0.00073138,64,10240,1280,capture,1
1,0.000685874,64,10240,1280,capture,1
2,0.000684932,64,10240,1280,capture,1
3,0.00067823,64,10240,1280,capture,1
4,0.000685894,64,10240,1280,capture,1
5,0.00065733,64,10240,1280,capture,1
6,0.000630048,64,10240,1280,capture,1
7,0.000717885,64,10240,1280,capture,1
8,0.00075742,64,10240,1280,capture,1
9,0.000755896,64,10240,1280,capture,1
