index,time,kernel,dimension,blocksize,operation,cudagraph,
0,0.000348418,64,10240,1280,instantiation,1
1,0.000368535,64,10240,1280,instantiation,1
2,0.000322178,64,10240,1280,instantiation,1
3,0.000321627,64,10240,1280,instantiation,1
4,0.000324372,64,10240,1280,instantiation,1
5,0.000318902,64,10240,1280,instantiation,1
6,0.000446823,64,10240,1280,instantiation,1
7,0.000465619,64,10240,1280,instantiation,1
8,0.00046623,64,10240,1280,instantiation,1
9,0.000464125,64,10240,1280,instantiation,1
