index,time,kernel,dimension,blocksize,operation,cudagraph,
0,0.00394543,484,28160,1280,capture,1
1,0.00400931,484,28160,1280,capture,1
2,0.00406813,484,28160,1280,capture,1
3,0.00404387,484,28160,1280,capture,1
4,0.00403651,484,28160,1280,capture,1
5,0.0040334,484,28160,1280,capture,1
6,0.00404091,484,28160,1280,capture,1
7,0.00412734,484,28160,1280,capture,1
8,0.00403119,484,28160,1280,capture,1
9,0.00410667,484,28160,1280,capture,1
