index,time,kernel,dimension,blocksize,operation
0,0.000423188,100,12800,1280,instantiation
1,0.000409533,100,12800,1280,instantiation
2,0.000415003,100,12800,1280,instantiation
3,0.000488661,100,12800,1280,instantiation
4,0.000599591,100,12800,1280,instantiation
5,0.000586517,100,12800,1280,instantiation
6,0.000590433,100,12800,1280,instantiation
7,0.000587759,100,12800,1280,instantiation
8,0.00176378,100,12800,1280,instantiation
9,0.000591826,100,12800,1280,instantiation
