index,time,kernel,dimension,blocksize,operation,cudagraph,
0,0.0588349,6400,25600,320,capture,1
1,0.0602433,6400,25600,320,capture,1
2,0.0601137,6400,25600,320,capture,1
3,0.0601571,6400,25600,320,capture,1
4,0.0600232,6400,25600,320,capture,1
5,0.0601765,6400,25600,320,capture,1
6,0.0598374,6400,25600,320,capture,1
7,0.0602257,6400,25600,320,capture,1
8,0.0602383,6400,25600,320,capture,1
9,0.0603677,6400,25600,320,capture,1
