index,time,kernel,dimension,blocksize,operation,cudagraph,
0,0.000180461,16,5120,1280,instantiation,1
1,3.1981e-05,16,5120,1280,instantiation,1
2,0.000170201,16,5120,1280,instantiation,1
3,3.0367e-05,16,5120,1280,instantiation,1
4,0.000168759,16,5120,1280,instantiation,1
5,3.5657e-05,16,5120,1280,instantiation,1
6,0.000155484,16,5120,1280,instantiation,1
7,3.3714e-05,16,5120,1280,instantiation,1
8,0.000172516,16,5120,1280,instantiation,1
9,3.3673e-05,16,5120,1280,instantiation,1
