index,time,kernel,dimension,blocksize,operation,cudagraph,
0,0.00605412,841,37120,1280,capture,1
1,0.00707946,841,37120,1280,capture,1
2,0.006881,841,37120,1280,capture,1
3,0.00695674,841,37120,1280,capture,1
4,0.00691272,841,37120,1280,capture,1
5,0.00688368,841,37120,1280,capture,1
6,0.00683252,841,37120,1280,capture,1
7,0.00703519,841,37120,1280,capture,1
8,0.00691908,841,37120,1280,capture,1
9,0.00684539,841,37120,1280,capture,1
