index,time,kernel,dimension,blocksize,operation,cudagraph,
0,0.00408673,841,37120,1280,instantiation,1
1,0.00555616,841,37120,1280,instantiation,1
2,0.00549997,841,37120,1280,instantiation,1
3,0.00547403,841,37120,1280,instantiation,1
4,0.00542903,841,37120,1280,instantiation,1
5,0.00575439,841,37120,1280,instantiation,1
6,0.00422429,841,37120,1280,instantiation,1
7,0.00565263,841,37120,1280,instantiation,1
8,0.00562602,841,37120,1280,instantiation,1
9,0.00560823,841,37120,1280,instantiation,1
