index,time,kernel,dimension,blocksize,operation,cudagraph,
0,0.0069601,1156,21760,640,instantiation,1
1,0.00736832,1156,21760,640,instantiation,1
2,0.00739275,1156,21760,640,instantiation,1
3,0.00731507,1156,21760,640,instantiation,1
4,0.0073036,1156,21760,640,instantiation,1
5,0.00729573,1156,21760,640,instantiation,1
6,0.00823369,1156,21760,640,instantiation,1
7,0.00732968,1156,21760,640,instantiation,1
8,0.00740165,1156,21760,640,instantiation,1
9,0.00732395,1156,21760,640,instantiation,1
