index,time,kernel,dimension,blocksize,operation,cudagraph,
0,0.00027076,36,38400,6400,instantiation,1
1,0.000332297,36,38400,6400,instantiation,1
2,0.000329852,36,38400,6400,instantiation,1
3,0.000324512,36,38400,6400,instantiation,1
4,0.000326746,36,38400,6400,instantiation,1
5,0.000324262,36,38400,6400,instantiation,1
6,0.000303151,36,38400,6400,instantiation,1
7,0.000311778,36,38400,6400,instantiation,1
8,0.000309344,36,38400,6400,instantiation,1
9,0.000325534,36,38400,6400,instantiation,1
