index,time,kernel,dimension,blocksize,operation,cudagraph,
0,0.00641431,841,37120,1280,capture,1
1,0.00697337,841,37120,1280,capture,1
2,0.00701814,841,37120,1280,capture,1
3,0.00693602,841,37120,1280,capture,1
4,0.00699266,841,37120,1280,capture,1
5,0.0069179,841,37120,1280,capture,1
6,0.00691378,841,37120,1280,capture,1
7,0.00712744,841,37120,1280,capture,1
8,0.00694176,841,37120,1280,capture,1
9,0.00694247,841,37120,1280,capture,1
