index,time,kernel,dimension,blocksize,operation,cudagraph,
0,0.00306083,400,12800,640,capture,1
1,0.00345826,400,12800,640,capture,1
2,0.00344475,400,12800,640,capture,1
3,0.00345464,400,12800,640,capture,1
4,0.00345199,400,12800,640,capture,1
5,0.00344317,400,12800,640,capture,1
6,0.00337493,400,12800,640,capture,1
7,0.00345371,400,12800,640,capture,1
8,0.00345742,400,12800,640,capture,1
9,0.00346003,400,12800,640,capture,1
