index,time,kernel,dimension,blocksize,operation,cudagraph,
0,0.018449,2025,11520,256,capture,1
1,0.0206981,2025,11520,256,capture,1
2,0.0202546,2025,11520,256,capture,1
3,0.0207722,2025,11520,256,capture,1
4,0.020744,2025,11520,256,capture,1
5,0.0203551,2025,11520,256,capture,1
6,0.0204404,2025,11520,256,capture,1
7,0.0203062,2025,11520,256,capture,1
8,0.0205187,2025,11520,256,capture,1
9,0.0205559,2025,11520,256,capture,1
