index,time,kernel,dimension,blocksize,operation,cudagraph,
0,0.0121055,2025,11520,256,instantiation,1
1,0.0135051,2025,11520,256,instantiation,1
2,0.0129991,2025,11520,256,instantiation,1
3,0.0131705,2025,11520,256,instantiation,1
4,0.0132039,2025,11520,256,instantiation,1
5,0.0131091,2025,11520,256,instantiation,1
6,0.0137454,2025,11520,256,instantiation,1
7,0.0121767,2025,11520,256,instantiation,1
8,0.0122743,2025,11520,256,instantiation,1
9,0.0122355,2025,11520,256,instantiation,1
