index,time,kernel,dimension,blocksize,operation,cudagraph,
0,0.158445,16900,33280,256,capture,1
1,0.159217,16900,33280,256,capture,1
2,0.158939,16900,33280,256,capture,1
3,0.158898,16900,33280,256,capture,1
4,0.158811,16900,33280,256,capture,1
5,0.159171,16900,33280,256,capture,1
6,0.159621,16900,33280,256,capture,1
7,0.159265,16900,33280,256,capture,1
8,0.159504,16900,33280,256,capture,1
9,0.158973,16900,33280,256,capture,1
