index,time,kernel,dimension,blocksize,operation,cudagraph,
0,0.13223,16900,33280,256,instantiation,1
1,0.133675,16900,33280,256,instantiation,1
2,0.13206,16900,33280,256,instantiation,1
3,0.134019,16900,33280,256,instantiation,1
4,0.133816,16900,33280,256,instantiation,1
5,0.13505,16900,33280,256,instantiation,1
6,0.135472,16900,33280,256,instantiation,1
7,0.137731,16900,33280,256,instantiation,1
8,0.136492,16900,33280,256,instantiation,1
9,0.138364,16900,33280,256,instantiation,1
