index,time,kernel,dimension,blocksize,operation,cudagraph,
0,0.0647191,7056,26880,320,capture,1
1,0.0664291,7056,26880,320,capture,1
2,0.0661901,7056,26880,320,capture,1
3,0.0661225,7056,26880,320,capture,1
4,0.0664818,7056,26880,320,capture,1
5,0.0662931,7056,26880,320,capture,1
6,0.0663735,7056,26880,320,capture,1
7,0.0662812,7056,26880,320,capture,1
8,0.0662653,7056,26880,320,capture,1
9,0.0663117,7056,26880,320,capture,1
