index,time,kernel,dimension,blocksize,operation,cudagraph,
0,0.0504634,7056,26880,320,instantiation,1
1,0.0519368,7056,26880,320,instantiation,1
2,0.0514802,7056,26880,320,instantiation,1
3,0.0516278,7056,26880,320,instantiation,1
4,0.052069,7056,26880,320,instantiation,1
5,0.0522252,7056,26880,320,instantiation,1
6,0.0518396,7056,26880,320,instantiation,1
7,0.0524582,7056,26880,320,instantiation,1
8,0.0519215,7056,26880,320,instantiation,1
9,0.0523159,7056,26880,320,instantiation,1
