index,time,kernel,dimension,blocksize,operation,cudagraph,
0,0.00243991,256,40960,2560,capture,1
1,0.00257441,256,40960,2560,capture,1
2,0.00242539,256,40960,2560,capture,1
3,0.00267261,256,40960,2560,capture,1
4,0.00270163,256,40960,2560,capture,1
5,0.0026573,256,40960,2560,capture,1
6,0.00259867,256,40960,2560,capture,1
7,0.0026828,256,40960,2560,capture,1
8,0.00264582,256,40960,2560,capture,1
9,0.00267077,256,40960,2560,capture,1
