index,time,kernel,dimension,blocksize,operation,cudagraph,
0,0.00137495,256,40960,2560,instantiation,1
1,0.00287025,256,40960,2560,instantiation,1
2,0.00162334,256,40960,2560,instantiation,1
3,0.00347196,256,40960,2560,instantiation,1
4,0.00190023,256,40960,2560,instantiation,1
5,0.00341102,256,40960,2560,instantiation,1
6,0.00186252,256,40960,2560,instantiation,1
7,0.00357226,256,40960,2560,instantiation,1
8,0.00189324,256,40960,2560,instantiation,1
9,0.00355601,256,40960,2560,instantiation,1
