index,time,kernel,dimension,blocksize,operation,cudagraph,
0,0.00023347,36,23040,3840,capture,1
1,0.000166233,36,23040,3840,capture,1
2,0.000163609,36,23040,3840,capture,1
3,0.000168077,36,23040,3840,capture,1
4,0.000167797,36,23040,3840,capture,1
5,0.000167135,36,23040,3840,capture,1
6,0.000165142,36,23040,3840,capture,1
7,0.000166123,36,23040,3840,capture,1
8,0.000172696,36,23040,3840,capture,1
9,0.000173357,36,23040,3840,capture,1
