index,time,kernel,dimension,blocksize,operation,cudagraph,
0,0.00589468,784,35840,1280,capture,1
1,0.00644472,784,35840,1280,capture,1
2,0.00642079,784,35840,1280,capture,1
3,0.00638887,784,35840,1280,capture,1
4,0.00646677,784,35840,1280,capture,1
5,0.00641147,784,35840,1280,capture,1
6,0.00646532,784,35840,1280,capture,1
7,0.00647216,784,35840,1280,capture,1
8,0.00644991,784,35840,1280,capture,1
9,0.00653646,784,35840,1280,capture,1
