index,time,kernel,dimension,blocksize,operation,cudagraph,
0,0.0520126,6400,10240,128,capture,1
1,0.0531796,6400,10240,128,capture,1
2,0.0522334,6400,10240,128,capture,1
3,0.0529243,6400,10240,128,capture,1
4,0.0522528,6400,10240,128,capture,1
5,0.0530306,6400,10240,128,capture,1
6,0.0521494,6400,10240,128,capture,1
7,0.0528898,6400,10240,128,capture,1
8,0.0523546,6400,10240,128,capture,1
9,0.0529265,6400,10240,128,capture,1
