index,time,kernel,dimension,blocksize,operation
0,0.00090642,256,20480,1280,instantiation
1,0.00135222,256,20480,1280,instantiation
2,0.00135556,256,20480,1280,instantiation
3,0.00254314,256,20480,1280,instantiation
4,0.00132904,256,20480,1280,instantiation
5,0.00133543,256,20480,1280,instantiation
6,0.00132346,256,20480,1280,instantiation
7,0.00260538,256,20480,1280,instantiation
8,0.00135463,256,20480,1280,instantiation
9,0.00133018,256,20480,1280,instantiation
