index,time,kernel,dimension,blocksize,operation,cudagraph,
0,0.116896,14400,38400,320,capture,1
1,0.119023,14400,38400,320,capture,1
2,0.118597,14400,38400,320,capture,1
3,0.118429,14400,38400,320,capture,1
4,0.118408,14400,38400,320,capture,1
5,0.118664,14400,38400,320,capture,1
6,0.118172,14400,38400,320,capture,1
