index,time,kernel,dimension,blocksize,operation,cudagraph,
0,0.11215,14400,38400,320,instantiation,1
1,0.113011,14400,38400,320,instantiation,1
2,0.112619,14400,38400,320,instantiation,1
3,0.113034,14400,38400,320,instantiation,1
4,0.113147,14400,38400,320,instantiation,1
5,0.113363,14400,38400,320,instantiation,1
