index,time,kernel,dimension,blocksize,operation,cudagraph,
0,0.000174549,16,30720,7680,instantiation,1
1,3.6799e-05,16,30720,7680,instantiation,1
2,0.00019093,16,30720,7680,instantiation,1
3,3.712e-05,16,30720,7680,instantiation,1
4,0.000170682,16,30720,7680,instantiation,1
5,3.727e-05,16,30720,7680,instantiation,1
6,0.000152738,16,30720,7680,instantiation,1
7,3.3513e-05,16,30720,7680,instantiation,1
8,0.000213272,16,30720,7680,instantiation,1
9,3.6038e-05,16,30720,7680,instantiation,1
