index,time,kernel,dimension,blocksize,operation,cudagraph,
0,0.0601364,6400,20480,256,capture,1
1,0.0619679,6400,20480,256,capture,1
2,0.0617984,6400,20480,256,capture,1
3,0.061865,6400,20480,256,capture,1
4,0.0617522,6400,20480,256,capture,1
5,0.0616157,6400,20480,256,capture,1
6,0.0613399,6400,20480,256,capture,1
7,0.0616004,6400,20480,256,capture,1
8,0.0617447,6400,20480,256,capture,1
9,0.0613667,6400,20480,256,capture,1
