index,time,kernel,dimension,blocksize,operation
0,0.0267043,3364,37120,640,capture
1,0.0269368,3364,37120,640,capture
2,0.0270173,3364,37120,640,capture
3,0.0269959,3364,37120,640,capture
4,0.0269414,3364,37120,640,capture
5,0.0271446,3364,37120,640,capture
6,0.0268851,3364,37120,640,capture
7,0.02712,3364,37120,640,capture
8,0.027079,3364,37120,640,capture
9,0.0268655,3364,37120,640,capture
