index,time,kernel,dimension,blocksize,operation,cudagraph,
0,0.177811,16900,16640,128,instantiation,1
1,0.179852,16900,16640,128,instantiation,1
2,0.180859,16900,16640,128,instantiation,1
3,0.181056,16900,16640,128,instantiation,1
4,0.185028,16900,16640,128,instantiation,1
5,0.185976,16900,16640,128,instantiation,1
6,0.189176,16900,16640,128,instantiation,1
7,0.192273,16900,16640,128,instantiation,1
8,0.199206,16900,16640,128,instantiation,1
9,0.20334,16900,16640,128,instantiation,1
