index,time,kernel,dimension,blocksize,operation,cudagraph,
0,0.0693478,9216,30720,320,instantiation,1
1,0.0690693,9216,30720,320,instantiation,1
2,0.0691792,9216,30720,320,instantiation,1
3,0.0691794,9216,30720,320,instantiation,1
4,0.0688112,9216,30720,320,instantiation,1
5,0.0690709,9216,30720,320,instantiation,1
6,0.0699553,9216,30720,320,instantiation,1
7,0.0690548,9216,30720,320,instantiation,1
8,0.0693513,9216,30720,320,instantiation,1
9,0.0691259,9216,30720,320,instantiation,1
