index,time,kernel,dimension,blocksize,operation,cudagraph,
0,0.109969,13456,37120,320,capture,1
1,0.111287,13456,37120,320,capture,1
2,0.111247,13456,37120,320,capture,1
3,0.111283,13456,37120,320,capture,1
4,0.111299,13456,37120,320,capture,1
5,0.111046,13456,37120,320,capture,1
6,0.110986,13456,37120,320,capture,1
7,0.111241,13456,37120,320,capture,1
8,0.111087,13456,37120,320,capture,1
9,0.11105,13456,37120,320,capture,1
