index,time,kernel,dimension,blocksize,operation,cudagraph,
0,0.103804,13456,37120,320,instantiation,1
1,0.102692,13456,37120,320,instantiation,1
2,0.103152,13456,37120,320,instantiation,1
3,0.103704,13456,37120,320,instantiation,1
4,0.103258,13456,37120,320,instantiation,1
5,0.103853,13456,37120,320,instantiation,1
6,0.105249,13456,37120,320,instantiation,1
7,0.104565,13456,37120,320,instantiation,1
8,0.104652,13456,37120,320,instantiation,1
