index,time,kernel,dimension,blocksize,operation,cudagraph,
0,0.000435212,100,25600,2560,capture,1
1,0.000372262,100,25600,2560,capture,1
2,0.000387,100,25600,2560,capture,1
3,0.000413932,100,25600,2560,capture,1
4,0.00043979,100,25600,2560,capture,1
5,0.000414623,100,25600,2560,capture,1
6,0.000448006,100,25600,2560,capture,1
7,0.000455676,100,25600,2560,capture,1
8,0.000429697,100,25600,2560,capture,1
9,0.000413446,100,25600,2560,capture,1
