index,time,kernel,dimension,blocksize,operation,cudagraph,
0,0.0170171,2704,33280,640,instantiation,1
1,0.0182672,2704,33280,640,instantiation,1
2,0.0183931,2704,33280,640,instantiation,1
3,0.017274,2704,33280,640,instantiation,1
4,0.0183763,2704,33280,640,instantiation,1
5,0.0178626,2704,33280,640,instantiation,1
6,0.0183599,2704,33280,640,instantiation,1
7,0.0184217,2704,33280,640,instantiation,1
8,0.0174722,2704,33280,640,instantiation,1
9,0.0182355,2704,33280,640,instantiation,1
