index,time,kernel,dimension,blocksize,operation
0,0.00880528,1156,21760,640,capture
1,0.00936351,1156,21760,640,capture
2,0.00934891,1156,21760,640,capture
3,0.00930702,1156,21760,640,capture
4,0.00933774,1156,21760,640,capture
5,0.00932374,1156,21760,640,capture
6,0.00937919,1156,21760,640,capture
7,0.00942476,1156,21760,640,capture
8,0.00938302,1156,21760,640,capture
9,0.00938208,1156,21760,640,capture
