index,time,kernel,dimension,blocksize,operation,cudagraph,
0,0.000217711,9,15360,5120,instantiation,1
1,2.5308e-05,9,15360,5120,instantiation,1
2,2.4146e-05,9,15360,5120,instantiation,1
3,0.000217651,9,15360,5120,instantiation,1
4,2.6801e-05,9,15360,5120,instantiation,1
5,2.2894e-05,9,15360,5120,instantiation,1
6,2.4436e-05,9,15360,5120,instantiation,1
7,0.000210888,9,15360,5120,instantiation,1
8,2.6359e-05,9,15360,5120,instantiation,1
9,2.4266e-05,9,15360,5120,instantiation,1
