index,time,kernel,dimension,blocksize,operation,cudagraph,
0,0.00472922,625,32000,1280,capture,1
1,0.00518127,625,32000,1280,capture,1
2,0.00518731,625,32000,1280,capture,1
3,0.00517072,625,32000,1280,capture,1
4,0.00524642,625,32000,1280,capture,1
5,0.0052298,625,32000,1280,capture,1
6,0.00510366,625,32000,1280,capture,1
7,0.00522506,625,32000,1280,capture,1
8,0.00520622,625,32000,1280,capture,1
9,0.005149,625,32000,1280,capture,1
