index,time,kernel,dimension,blocksize,operation,cudagraph,
0,0.000157186,4,35840,17920,instantiation,1
1,1.586e-05,4,35840,17920,instantiation,1
2,2.1521e-05,4,35840,17920,instantiation,1
3,1.8065e-05,4,35840,17920,instantiation,1
4,2.071e-05,4,35840,17920,instantiation,1
5,1.4998e-05,4,35840,17920,instantiation,1
6,1.6531e-05,4,35840,17920,instantiation,1
7,1.6781e-05,4,35840,17920,instantiation,1
8,0.000166674,4,35840,17920,instantiation,1
9,1.5579e-05,4,35840,17920,instantiation,1
