index,time,kernel,dimension,blocksize,operation
0,0.00400123,900,38400,1280,instantiation
1,0.00603799,900,38400,1280,instantiation
2,0.00605857,900,38400,1280,instantiation
3,0.00620703,900,38400,1280,instantiation
4,0.00618128,900,38400,1280,instantiation
5,0.00618612,900,38400,1280,instantiation
6,0.00617291,900,38400,1280,instantiation
7,0.00622514,900,38400,1280,instantiation
8,0.00624915,900,38400,1280,instantiation
9,0.00615146,900,38400,1280,instantiation
