index,time,kernel,dimension,blocksize,operation,cudagraph,
0,0.0115616,1296,11520,320,capture,1
1,0.0126718,1296,11520,320,capture,1
2,0.012792,1296,11520,320,capture,1
3,0.0126146,1296,11520,320,capture,1
4,0.012675,1296,11520,320,capture,1
5,0.0127846,1296,11520,320,capture,1
6,0.0124826,1296,11520,320,capture,1
7,0.0126523,1296,11520,320,capture,1
8,0.0125981,1296,11520,320,capture,1
9,0.0126848,1296,11520,320,capture,1
