index,time,kernel,dimension,blocksize,operation,cudagraph,
0,0.00250998,324,23040,1280,capture,1
1,0.00276568,324,23040,1280,capture,1
2,0.00275146,324,23040,1280,capture,1
3,0.00276038,324,23040,1280,capture,1
4,0.00279924,324,23040,1280,capture,1
5,0.00278487,324,23040,1280,capture,1
6,0.00284545,324,23040,1280,capture,1
7,0.00283048,324,23040,1280,capture,1
8,0.00276387,324,23040,1280,capture,1
9,0.00280957,324,23040,1280,capture,1
