index,time,kernel,dimension,blocksize,operation,cudagraph,
0,0.0279523,3136,17920,320,capture,1
1,0.0292916,3136,17920,320,capture,1
2,0.029316,3136,17920,320,capture,1
3,0.0291996,3136,17920,320,capture,1
4,0.0292063,3136,17920,320,capture,1
5,0.0292706,3136,17920,320,capture,1
6,0.0292876,3136,17920,320,capture,1
7,0.0292533,3136,17920,320,capture,1
8,0.029328,3136,17920,320,capture,1
9,0.0302702,3136,17920,320,capture,1
