index,time,kernel,dimension,blocksize,operation,cudagraph,
0,0.0208733,3136,17920,320,instantiation,1
1,0.0209904,3136,17920,320,instantiation,1
2,0.0209897,3136,17920,320,instantiation,1
3,0.0210532,3136,17920,320,instantiation,1
4,0.0209638,3136,17920,320,instantiation,1
5,0.0211853,3136,17920,320,instantiation,1
6,0.0212717,3136,17920,320,instantiation,1
7,0.0214482,3136,17920,320,instantiation,1
8,0.0215898,3136,17920,320,instantiation,1
9,0.0226849,3136,17920,320,instantiation,1
