index,time,kernel,dimension,blocksize,operation,cudagraph,
0,0.0866424,9216,30720,320,capture,1
1,0.0874149,9216,30720,320,capture,1
2,0.0871533,9216,30720,320,capture,1
3,0.08715,9216,30720,320,capture,1
4,0.0872305,9216,30720,320,capture,1
5,0.0872115,9216,30720,320,capture,1
6,0.0871572,9216,30720,320,capture,1
7,0.0872327,9216,30720,320,capture,1
8,0.0871564,9216,30720,320,capture,1
9,0.0872596,9216,30720,320,capture,1
