index,time,kernel,dimension,blocksize,operation,cudagraph,
0,0.000183467,9,7680,2560,instantiation,1
1,2.3514e-05,9,7680,2560,instantiation,1
2,2.4055e-05,9,7680,2560,instantiation,1
3,0.000192864,9,7680,2560,instantiation,1
4,2.8002e-05,9,7680,2560,instantiation,1
5,2.4266e-05,9,7680,2560,instantiation,1
6,2.4145e-05,9,7680,2560,instantiation,1
7,0.000185931,9,7680,2560,instantiation,1
8,2.5989e-05,9,7680,2560,instantiation,1
9,2.2522e-05,9,7680,2560,instantiation,1
