index,time,kernel,dimension,blocksize,operation,cudagraph,
0,0.0038605,400,5120,256,capture,1
1,0.00412455,400,5120,256,capture,1
2,0.00417987,400,5120,256,capture,1
3,0.00414232,400,5120,256,capture,1
4,0.00413448,400,5120,256,capture,1
5,0.00416152,400,5120,256,capture,1
6,0.00414201,400,5120,256,capture,1
7,0.00418334,400,5120,256,capture,1
8,0.0041273,400,5120,256,capture,1
9,0.0041315,400,5120,256,capture,1
