index,time,kernel,dimension,blocksize,operation,cudagraph,
0,0.00166227,400,5120,256,instantiation,1
1,0.00197085,400,5120,256,instantiation,1
2,0.00297834,400,5120,256,instantiation,1
3,0.00196893,400,5120,256,instantiation,1
4,0.00308563,400,5120,256,instantiation,1
5,0.00196713,400,5120,256,instantiation,1
6,0.00195075,400,5120,256,instantiation,1
7,0.00304914,400,5120,256,instantiation,1
8,0.00198328,400,5120,256,instantiation,1
9,0.00314385,400,5120,256,instantiation,1
