index,time,kernel,dimension,blocksize,operation,cudagraph,
0,0.0148024,1936,28160,640,capture,1
1,0.0157268,1936,28160,640,capture,1
2,0.0157261,1936,28160,640,capture,1
3,0.0157022,1936,28160,640,capture,1
4,0.0157275,1936,28160,640,capture,1
5,0.0157286,1936,28160,640,capture,1
6,0.0156934,1936,28160,640,capture,1
7,0.0157415,1936,28160,640,capture,1
8,0.0157151,1936,28160,640,capture,1
9,0.0158962,1936,28160,640,capture,1
