index,time,kernel,dimension,blocksize,operation
0,0.0267611,3600,3840,64,capture
1,0.0290831,3600,3840,64,capture
2,0.0288832,3600,3840,64,capture
3,0.0289038,3600,3840,64,capture
4,0.0288647,3600,3840,64,capture
5,0.0286223,3600,3840,64,capture
6,0.0288517,3600,3840,64,capture
7,0.028998,3600,3840,64,capture
8,0.0288105,3600,3840,64,capture
9,0.0289319,3600,3840,64,capture
