index,time,kernel,dimension,blocksize,operation
0,0.0331113,3600,3840,64,instantiation
1,0.0338177,3600,3840,64,instantiation
2,0.0333603,3600,3840,64,instantiation
3,0.0344916,3600,3840,64,instantiation
4,0.0338324,3600,3840,64,instantiation
5,0.0338276,3600,3840,64,instantiation
6,0.0348163,3600,3840,64,instantiation
7,0.0339249,3600,3840,64,instantiation
8,0.0348458,3600,3840,64,instantiation
9,0.0346511,3600,3840,64,instantiation
