index,time,kernel,dimension,blocksize,operation,cudagraph,
0,0.000510774,121,28160,2560,capture,1
1,0.000431995,121,28160,2560,capture,1
2,0.000511244,121,28160,2560,capture,1
3,0.000536402,121,28160,2560,capture,1
4,0.000526282,121,28160,2560,capture,1
5,0.000517836,121,28160,2560,capture,1
6,0.000532465,121,28160,2560,capture,1
7,0.000515262,121,28160,2560,capture,1
8,0.000527445,121,28160,2560,capture,1
9,0.000532565,121,28160,2560,capture,1
