index,time,kernel,dimension,blocksize,operation,cudagraph,
0,0.000837019,81,11520,1280,capture,1
1,0.000852689,81,11520,1280,capture,1
2,0.000820929,81,11520,1280,capture,1
3,0.000802935,81,11520,1280,capture,1
4,0.000804899,81,11520,1280,capture,1
5,0.000822241,81,11520,1280,capture,1
6,0.000774091,81,11520,1280,capture,1
7,0.000811922,81,11520,1280,capture,1
8,0.000796864,81,11520,1280,capture,1
9,0.000904206,81,11520,1280,capture,1
