index,time,kernel,dimension,blocksize,operation,cudagraph,
0,0.00036071,81,11520,1280,instantiation,1
1,0.000375288,81,11520,1280,instantiation,1
2,0.000366241,81,11520,1280,instantiation,1
3,0.000358717,81,11520,1280,instantiation,1
4,0.000368565,81,11520,1280,instantiation,1
5,0.000384115,81,11520,1280,instantiation,1
6,0.000364578,81,11520,1280,instantiation,1
7,0.00036582,81,11520,1280,instantiation,1
8,0.000470097,81,11520,1280,instantiation,1
9,0.00170232,81,11520,1280,instantiation,1
