index,time,kernel,dimension,blocksize,operation,cudagraph,
0,0.0126449,1600,2560,64,capture,1
1,0.0129842,1600,2560,64,capture,1
2,0.0129587,1600,2560,64,capture,1
3,0.012992,1600,2560,64,capture,1
4,0.0130146,1600,2560,64,capture,1
5,0.0130107,1600,2560,64,capture,1
6,0.0129109,1600,2560,64,capture,1
7,0.0129695,1600,2560,64,capture,1
8,0.0129899,1600,2560,64,capture,1
9,0.0129965,1600,2560,64,capture,1
