index,time,kernel,dimension,blocksize,operation,cudagraph,
0,0.0161207,2500,12800,256,instantiation,1
1,0.015806,2500,12800,256,instantiation,1
2,0.0167272,2500,12800,256,instantiation,1
3,0.0159974,2500,12800,256,instantiation,1
4,0.0168134,2500,12800,256,instantiation,1
5,0.0161108,2500,12800,256,instantiation,1
6,0.0171599,2500,12800,256,instantiation,1
7,0.0163687,2500,12800,256,instantiation,1
8,0.0171535,2500,12800,256,instantiation,1
9,0.0164359,2500,12800,256,instantiation,1
