index,time,kernel,dimension,blocksize,operation,cudagraph,
0,0.000187624,25,32000,6400,capture,1
1,0.000119656,25,32000,6400,capture,1
2,0.000120828,25,32000,6400,capture,1
3,0.000126699,25,32000,6400,capture,1
4,0.000124195,25,32000,6400,capture,1
5,0.000120137,25,32000,6400,capture,1
6,0.000122912,25,32000,6400,capture,1
7,0.000121289,25,32000,6400,capture,1
8,0.000120327,25,32000,6400,capture,1
9,0.00012207,25,32000,6400,capture,1
