index,time,kernel,dimension,blocksize,operation,cudagraph,
0,0.000193044,25,32000,6400,instantiation,1
1,0.000194376,25,32000,6400,instantiation,1
2,0.000188405,25,32000,6400,instantiation,1
3,0.000204836,25,32000,6400,instantiation,1
4,5.8711e-05,25,32000,6400,instantiation,1
5,0.000189197,25,32000,6400,instantiation,1
6,0.000175891,25,32000,6400,instantiation,1
7,0.000192594,25,32000,6400,instantiation,1
8,0.000193655,25,32000,6400,instantiation,1
9,5.344e-05,25,32000,6400,instantiation,1
