index,time,kernel,dimension,blocksize,operation,cudagraph,
0,0.000160472,9,23040,7680,instantiation,1
1,2.2943e-05,9,23040,7680,instantiation,1
2,2.4506e-05,9,23040,7680,instantiation,1
3,0.000160323,9,23040,7680,instantiation,1
4,2.4917e-05,9,23040,7680,instantiation,1
5,2.2182e-05,9,23040,7680,instantiation,1
6,2.1321e-05,9,23040,7680,instantiation,1
7,0.000157016,9,23040,7680,instantiation,1
8,2.7361e-05,9,23040,7680,instantiation,1
9,2.3685e-05,9,23040,7680,instantiation,1
