index,time,kernel,dimension,blocksize,operation,cudagraph,
0,0.0061353,625,6400,256,capture,1
1,0.00587682,625,6400,256,capture,1
2,0.00641784,625,6400,256,capture,1
3,0.00634607,625,6400,256,capture,1
4,0.00637153,625,6400,256,capture,1
5,0.00643952,625,6400,256,capture,1
6,0.0063253,625,6400,256,capture,1
7,0.00657475,625,6400,256,capture,1
8,0.0065247,625,6400,256,capture,1
9,0.00634962,625,6400,256,capture,1
