index,time,kernel,dimension,blocksize,operation,cudagraph,
0,0.0928387,10000,32000,320,capture,1
1,0.0946966,10000,32000,320,capture,1
2,0.0949603,10000,32000,320,capture,1
3,0.0951645,10000,32000,320,capture,1
4,0.0949628,10000,32000,320,capture,1
5,0.0946103,10000,32000,320,capture,1
6,0.0947443,10000,32000,320,capture,1
7,0.0952541,10000,32000,320,capture,1
8,0.0951075,10000,32000,320,capture,1
9,0.0949347,10000,32000,320,capture,1
