index,time,kernel,dimension,blocksize,operation
0,0.00331985,441,26880,1280,capture
1,0.00367885,441,26880,1280,capture
2,0.00364127,441,26880,1280,capture
3,0.00371414,441,26880,1280,capture
4,0.00367583,441,26880,1280,capture
5,0.00365608,441,26880,1280,capture
6,0.00366915,441,26880,1280,capture
7,0.00368211,441,26880,1280,capture
8,0.00368293,441,26880,1280,capture
9,0.00369549,441,26880,1280,capture
