index,time,kernel,dimension,blocksize,operation,cudagraph,
0,0.00214665,225,38400,2560,capture,1
1,0.00208171,225,38400,2560,capture,1
2,0.00240791,225,38400,2560,capture,1
3,0.00236257,225,38400,2560,capture,1
4,0.00233273,225,38400,2560,capture,1
5,0.00232887,225,38400,2560,capture,1
6,0.00237331,225,38400,2560,capture,1
7,0.0023929,225,38400,2560,capture,1
8,0.00233399,225,38400,2560,capture,1
9,0.00232365,225,38400,2560,capture,1
