index,time,kernel,dimension,blocksize,operation,cudagraph,
0,0.0797616,8464,29440,320,capture,1
1,0.0803723,8464,29440,320,capture,1
2,0.0800708,8464,29440,320,capture,1
3,0.0800707,8464,29440,320,capture,1
4,0.0801651,8464,29440,320,capture,1
5,0.0801147,8464,29440,320,capture,1
6,0.0800235,8464,29440,320,capture,1
7,0.0801493,8464,29440,320,capture,1
8,0.0801665,8464,29440,320,capture,1
9,0.0800913,8464,29440,320,capture,1
