index,time,kernel,dimension,blocksize,operation,cudagraph,
0,0.0625278,8464,29440,320,instantiation,1
1,0.062494,8464,29440,320,instantiation,1
2,0.0629914,8464,29440,320,instantiation,1
3,0.0633343,8464,29440,320,instantiation,1
4,0.0628416,8464,29440,320,instantiation,1
5,0.0620914,8464,29440,320,instantiation,1
6,0.064256,8464,29440,320,instantiation,1
7,0.0635918,8464,29440,320,instantiation,1
8,0.063527,8464,29440,320,instantiation,1
9,0.0641163,8464,29440,320,instantiation,1
