index,time,kernel,dimension,blocksize,operation,cudagraph,
0,0.025512,3844,39680,640,instantiation,1
1,0.0268954,3844,39680,640,instantiation,1
2,0.0271574,3844,39680,640,instantiation,1
3,0.0277883,3844,39680,640,instantiation,1
4,0.0266932,3844,39680,640,instantiation,1
5,0.0283909,3844,39680,640,instantiation,1
6,0.0281675,3844,39680,640,instantiation,1
7,0.0274675,3844,39680,640,instantiation,1
8,0.0272827,3844,39680,640,instantiation,1
9,0.0278595,3844,39680,640,instantiation,1
